TITLE,"Cicero, Pro Caecina"
AB,"87_4, 4_7, 58_12, 37_2, 5_7, 87_9, 74_11, 77_11, 88_3, 94_10, 88_8, 79_13, 46_12, 87_11, 30_3, 87_11, 87_7, 79_1, 103_9, 2_12, 92_11, 37_9, 82_2, 25_6, 33_7, 74_17, 19_5, 93_3, 20_6, 39_9, 20_8, 32_4, 74_10, 74_17, 88_13, 74_11, 86_10, 88_2, 88_10, 74_14, 100_14, 80_2, 73_11, 75_2, 67_8, 77_10, 74_2, 90_5, 74_7, 88_17, 55_14, 81_5, 102_6, 74_10, 74_15, 65_5, 80_3, 17_1, 11_8, 14_7, 14_7, 58_11, 62_10, 59_5, 78_4, 74_16, 88_11, 88_14, 72_1, 28_9, 55_3"
ABEO/1,"20_11, 45_9, 46_3, 95_11"
ABERRO/2,55_3
ABIVDICO,99_6
ABRADO,19_5
ABSOLVO,29_6
ABSVM/1,"57_9, 28_9, 20_7"
AC/1,"18_9, 100_7, 9_13, 37_8, 77_2, 93_2, 70_6, 63_3, 32_6, 13_2, 8_5, 5_4, 2_1, 63_10, 32_8, 24_6, 74_15, 51_9, 51_3, 14_4, 39_7, 4_10, 58_4, 34_4, 74_4, 18_8, 103_4, 13_3, 71_4, 78_8, 58_13, 43_2, 6_15, 90_8, 63_8, 26_4, 69_6"
ACCEDO/1,"48_7, 49_3, 24_7, 48_3, 84_9, 46_3, 20_12, 88_12, 36_15, 84_8, 64_2, 21_9, 66_3, 48_9, 48_9, 22_4, 36_14, 46_7, 22_11"
ACCIDO/1,"13_4, 77_5, 86_11, 49_5, 8_3"
ACCIPIO,"73_11, 98_10, 75_2, 17_4, 28_11, 94_11, 98_9, 36_9"
ACCLAMO,28_10
ACCVSO,66_10
ACER/2,28_5
ACTIO,"32_9, 97_7, 33_2, 54_7, 40_8, 34_10, 8_6, 33_9, 9_4, 32_3, 37_11, 4_1, 3_2, 35_15, 54_6, 40_4, 37_10, 40_14, 8_14, 8_8, 39_2"
ACTOR,5_4
ACTVS/1,74_16
AD/2,"35_12, 33_12, 35_10, 28_2, 93_4, 6_13, 86_1, 9_10, 93_4, 55_15, 58_2, 83_1, 5_6, 40_5, 6_5, 84_2, 49_16, 63_12, 85_5, 51_9, 22_2, 35_11, 22_6, 6_3, 20_6, 63_3, 89_3, 102_1, 87_5, 72_6, 46_13, 64_8, 64_1, 14_3, 56_5, 32_5, 38_5, 74_12, 64_10, 86_8, 100_11, 24_2, 29_8, 5_8, 45_8, 27_12, 42_2, 35_10, 88_12, 51_7, 92_3, 65_5, 60_12, 58_3, 93_4, 100_3, 15_11, 64_5, 7_6, 8_7, 8_12, 82_5, 29_10, 84_2, 22_4, 6_4, 52_5, 16_2, 60_12, 52_4, 3_2, 81_9, 82_8, 21_5, 7_7, 45_2, 29_8"
ADDICO/2,"16_4, 16_7"
ADDO,"91_4, 93_10, 92_9, 93_11, 93_8, 91_2"
ADDVCO,"13_8, 27_2, 29_11"
ADEO/1,"99_3, 21_5, 82_5"
ADEO/2,87_1
ADHIBEO,"44_4, 42_8, 49_17"
ADHVC,9_10
ADIMO,"96_6, 101_6, 97_6, 102_7, 101_9, 101_5, 12_5, 99_2, 99_7, 98_3, 97_7, 96_8, 102_15, 99_8, 100_14"
ADITVS,"39_4, 72_6, 35_7"
ADIVNGO,"49_16, 11_7"
ADIVVO,3_9
ADMODVM,65_4
ADMONEO,104_18
ADOLESCENS/2,12_6
ADOLESCENTVLVS,97_1
ADVENIO,25_4
ADVERSARIVS/2,"5_9, 32_4, 3_5, 3_12"
ADVERSVS/2,45_5
ADVLTERO,73_8
ADVOCATIO,43_10
ADVOCATVS,"22_15, 26_3, 44_2"
ADVOCO,24_10
AEBVTIVS/N,"25_2, 22_10, 2_2, 103_8, 24_10, 24_12, 13_1, 24_9, 27_3, 13_9, 17_10, 16_4, 41_1, 25_1, 20_10, 46_2, 80_14, 1_3, 26_1, 95_2, 16_3, 20_9, 14_5, 16_5, 48_1, 4_12, 16_2, 30_5, 83_3, 18_7, 14_6, 25_3"
AEDES,"74_1, 54_2, 89_13, 37_9, 89_4, 36_14, 90_6, 89_12, 36_2, 37_8, 35_7"
AEQVABILIS,70_11
AEQVE,26_4
AEQVITAS,"84_2, 37_3, 104_10, 59_16, 58_3, 66_7, 58_12, 80_5, 67_5, 83_4, 49_9, 57_5, 38_12, 66_10, 104_18, 78_4, 61_3, 81_3, 77_2, 33_5"
AEQVVM,"80_3, 65_12, 65_6, 65_9"
AEQVVS,"8_10, 3_8, 50_4, 81_7"
AFFERO,"100_2, 101_8, 49_15, 96_5, 69_11, 85_5, 61_8"
AFFICIO,77_9
AGE,"37_6, 48_1"
AGER,"59_8, 1_1, 11_2"
AGGREDIOR,"88_6, 71_10"
AGNASCOR,72_4
AGO,"71_9, 69_9, 37_2, 15_12, 83_2, 79_6, 54_5, 97_11, 20_7, 35_13, 97_2, 49_18, 3_2, 9_8, 35_13, 5_1, 35_8, 85_8, 55_4, 54_3, 2_12, 10_4, 81_9, 60_5, 13_8, 8_16, 89_8, 26_8, 2_13, 8_15, 58_11, 34_3, 30_3, 89_5, 79_8"
AIO,"24_9, 49_13, 19_8, 41_7, 79_5, 31_11, 49_8"
ALBIANVS/A,28_11
ALICVNDE,"46_7, 82_6"
ALIENVM,70_10
ALIENVS/2,"67_6, 14_7, 57_10, 24_15, 63_8, 58_13"
ALIQVANDO,"27_5, 11_5, 14_11, 69_1"
ALIQVIS,"39_5, 95_12, 74_5, 71_2, 33_9, 13_4, 58_7, 39_5, 3_7, 74_8, 72_1, 80_15, 30_3, 14_9, 31_5, 100_6, 64_10, 88_5, 79_3, 9_4, 103_7, 57_3, 68_2, 60_5, 80_10, 81_12, 67_3, 74_2, 33_2, 59_5, 29_9, 74_12, 55_9, 5_8"
ALITER,"17_4, 46_8, 68_5, 69_6, 69_3"
ALIVS,"9_1, 95_2, 63_14, 42_7, 68_6, 51_3, 68_7, 100_17, 63_5, 52_7, 37_10, 37_13, 85_3, 60_12, 24_11, 99_9, 57_6, 9_7, 3_2, 60_12, 57_5, 52_7"
ALO,13_2
ALTE,10_1
ALTER,"9_10, 9_12, 6_11, 86_10, 64_10, 25_1, 6_13"
ALTVM,88_12
AMBIGO,21_7
AMBIGVVS,81_12
AMICVS/1,"15_3, 22_14, 6_14, 20_3, 35_8, 26_6, 20_6, 95_5, 20_12, 2_9, 56_8, 14_7, 14_9"
AMITTO,"100_13, 55_7, 98_7, 100_16, 75_5, 15_6, 75_11, 75_10, 54_11"
AMPLECTOR,40_9
AMPLIO,29_5
AMPLVS,"104_3, 75_12, 25_5, 104_6, 27_3"
AN,"50_8, 39_7, 31_3, 51_1, 71_2, 69_3, 15_10, 31_7, 37_10, 29_11, 66_3, 48_3, 33_9, 64_7, 37_11, 69_2, 33_2, 57_10"
ANGVLVS,84_3
ANGVSTIA,84_2
ANGVSTVS,64_3
ANIMADVERSIO,35_12
ANIMADVERTO,33_8
ANIMVS,"43_12, 30_2, 42_8, 18_5, 22_9, 42_5, 75_10, 76_9, 42_4, 3_8"
ANNVS,"54_11, 78_5"
ANSA,17_13
ANTE/2,"5_11, 30_8, 30_4, 39_8, 77_6, 19_6"
ANTEA,"59_7, 35_9, 3_6, 86_2, 49_12, 67_2"
ANTEQVAM,"24_2, 53_2, 81_10"
ANTIOCHVS/N,"25_3, 22_6, 22_13"
ANTIQVITAS,80_2
ANTIQVVS,"101_10, 15_5, 28_4, 21_8"
APERTVS,"5_4, 2_5"
APPAREO,76_10
APPELLO/1,"56_9, 57_3, 54_3, 57_2, 63_14, 43_8, 60_3, 79_4, 43_7"
APPIVS/N,54_7
APPROBO,38_8
APTVS,52_9
APVD,"69_8, 77_13, 38_10, 100_8, 34_5, 67_1"
AQVA,"74_8, 74_16, 36_4"
AQVILIVS/N,"77_7, 95_5"
ARA,100_11
ARBITER,19_3
ARBITROR,"73_12, 5_13, 79_13, 4_11, 101_5"
ARBOR,60_11
ARGENTARIA,"11_5, 10_8"
ARGENTARIVS/1,"27_9, 16_5, 17_3"
ARGENTVM,12_7
ARGVO,"73_3, 3_12, 25_2, 25_7, 2_6, 104_8"
ARIMINENSES/N,102_5
ARMA,"31_11, 64_7, 31_3, 61_2, 37_9, 93_2, 40_11, 1_7, 41_3, 34_10, 93_4, 1_6, 61_5, 38_9, 46_11, 60_10, 44_8, 33_13, 60_11, 39_8"
ARMATI,"20_11, 22_10, 45_6, 47_3, 30_5, 63_11, 36_13, 24_11, 21_10, 85_9, 26_2, 49_7, 44_9, 46_5, 45_7"
ARMATVS/2,"27_1, 43_10, 4_5, 62_8, 30_9, 80_10, 83_7, 60_10, 64_7, 32_7, 93_5, 75_8, 60_1, 87_3, 92_2, 33_6, 63_5, 39_3, 91_4, 60_2, 60_6, 91_6, 21_7, 64_4, 38_11, 64_11, 104_9, 25_2, 23_11, 38_7, 22_13, 89_7, 31_9, 104_17, 62_5, 45_3, 76_6, 91_9, 36_7, 63_13, 60_9, 61_6, 35_6, 63_11, 75_9, 89_4, 9_3, 23_3, 61_7, 24_10, 62_4"
ARMO,"33_11, 33_3, 24_6, 46_2, 2_3, 23_10, 66_5, 20_9"
ARRETINI/N,97_5
ARRETINVS/A,97_3
ASCRIBO,"95_8, 95_13"
ASCRIPTIO,95_11
ASPECTVS,"43_6, 45_7"
ASPERGO/2,17_11
ASPICIO,39_9
ASPIRO,39_9
ASSENTATOR,14_2
ASSEQVOR,"4_8, 35_15, 35_5, 88_5, 32_11, 16_10"
ASSERVO,"37_8, 73_10"
ASSIDVITAS,17_12
ASSIDVVS,63_10
ASSVM/1,"16_2, 77_6, 30_2, 77_6, 77_5, 13_9"
ASTVTVS,4_4
AT/2,"56_1, 41_10, 95_6, 46_1, 42_7, 45_1, 7_4, 74_14, 54_2, 69_1, 31_2, 84_8, 80_11"
ATILIVS/N,"27_1, 27_1"
ATQVE/1,"21_5, 40_14, 39_6, 13_6, 55_2, 32_10, 87_7, 27_7, 94_1, 62_3, 28_3, 24_4, 102_4, 92_3, 100_14, 1_2, 59_16, 11_7, 71_1, 37_7, 19_4, 70_11, 20_8, 63_16, 22_13, 24_8, 37_9, 97_1, 97_9, 96_2, 89_2, 65_1, 62_1, 44_9, 35_12, 3_3"
ATQVI,62_6
ATROCITAS,9_7
ATROX,"36_5, 37_12"
ATTENDO,"80_8, 86_4, 90_8, 16_2"
ATTINEO,"100_4, 58_8"
ATTINGO,49_14
AVCTIO,"15_2, 13_6, 13_1"
AVCTOR,"73_5, 79_2, 27_8, 72_6, 79_4, 79_5, 79_8, 69_13, 60_8, 54_6"
AVCTORITAS,"93_10, 76_3, 65_2, 69_7, 52_10, 37_13, 80_5, 77_10, 65_14, 81_6, 38_7, 56_3, 63_16, 51_11, 74_17, 102_11, 104_11, 78_2, 54_1, 27_8"
AVCVPIVM,65_10
AVCVPOR,"88_17, 52_3"
AVDACIA,"1_4, 1_1, 2_15, 103_2"
AVDAX,2_1
AVDEO,"28_8, 73_2, 73_4, 62_3, 8_12, 2_4, 18_1"
AVDIO,"22_16, 16_9, 16_9, 43_7, 34_5, 65_4, 98_2, 33_9, 22_11, 29_4, 29_11"
AVERTO,"76_8, 33_14, 17_3"
AVFERO,9_13
AVLVS/N,"5_1, 17_7, 2_9, 19_5, 27_1, 10_4, 93_8, 102_7, 104_14, 1_3, 25_1, 104_13"
AVT,"72_3, 98_7, 16_6, 57_11, 92_11, 7_10, 81_12, 14_7, 97_13, 51_8, 40_5, 57_10, 60_4, 8_12, 59_8, 38_6, 74_1, 81_11, 8_8, 25_8, 46_7, 63_10, 99_7, 77_12, 61_8, 2_15, 100_3, 55_7, 36_3, 16_7, 25_8, 74_2, 9_2, 92_2, 70_10, 97_13, 73_11, 91_1, 36_2, 98_4, 82_9, 91_3, 7_10, 73_11, 40_6, 7_11, 63_9, 40_7, 8_9, 92_11, 95_10, 6_10, 82_9, 6_9, 100_6, 71_6, 2_14, 50_9, 62_2, 57_11, 51_8, 48_8, 8_15, 61_5, 77_12, 8_8, 60_4, 98_4, 8_11, 39_9, 96_2, 40_8, 46_6, 92_2, 39_5, 57_12, 9_3, 51_7, 81_11, 57_2, 81_11, 57_11, 92_11, 43_5, 73_10, 97_13, 100_2, 81_12, 55_7, 97_13, 35_12, 36_9, 8_10"
AVTEM,"59_10, 79_2, 79_13, 47_7, 3_10, 99_3, 51_10, 17_13, 64_10, 70_3, 4_2, 22_3, 57_1, 25_3, 88_3, 17_3, 16_12, 62_4, 80_14, 76_6, 49_4"
AXIA/N,20_6
BELLVM,"43_7, 46_11"
BENE,"15_8, 37_2, 74_2, 45_4"
BENEFICIVM,26_5
BENIGNITAS,9_1
BIENNIVM,54_2
BIS,6_2
BONI,102_8
BONITAS,78_9
BONVM,"65_7, 38_5, 65_9, 19_2, 12_3, 12_3, 11_10, 76_2, 18_7, 80_4, 65_12, 74_10, 12_8"
BONVS,"93_3, 71_4, 16_6, 6_7, 65_14, 78_7, 3_9"
BREVIS,"12_5, 94_3"
BRVTTIVS/A,54_5
CAECINA/N,"20_2, 23_6, 93_8, 94_1, 18_2, 94_2, 46_4, 19_5, 20_11, 41_2, 10_4, 2_9, 104_14, 27_3, 22_8, 104_15, 104_13, 20_12, 102_7, 5_1, 32_5, 48_2, 80_10, 1_3, 46_2, 17_7, 34_11, 26_3, 95_4, 17_9, 22_1, 35_2, 20_4, 27_4, 23_11, 38_4, 26_6, 28_6, 94_9, 25_6, 95_3, 95_3, 20_5, 46_3, 80_15, 75_9, 25_4, 24_12"
CAECVS/N,54_8
CAEDES,"41_9, 76_9, 47_8, 93_4, 31_4"
CAELIVS/N,26_1
CAESENNIA/N,"16_4, 94_4, 11_10, 13_2, 17_6, 94_6, 19_12, 17_1, 10_9, 16_13, 18_2, 19_8, 16_8, 15_3, 14_6, 11_2, 94_7, 16_10, 18_7, 11_9, 19_11, 13_7"
CAESENNIVS/N,"27_8, 12_7"
CAESPES,60_10
CALAMITAS,"18_4, 100_7, 95_7"
CALLIDVS,"65_12, 14_5, 55_6, 49_9, 4_4, 15_12, 13_8"
CALPVRNIVS/N,35_9
CALVMNIA,"18_9, 61_4"
CALVMNIATOR,65_13
CAMPVS/1,84_2
CAPIO/2,"17_12, 12_4, 83_4, 102_7"
CAPITALIS,25_7
CAPITOLIVM/N,"87_12, 88_6, 87_11"
CAPTIOSVS,40_10
CAPVT,"9_6, 20_13, 24_7, 63_3"
CASTELLVM,"20_10, 46_1, 20_6, 21_1"
CASTRA/2,83_5
CAVEO,"81_11, 53_8, 61_3, 78_3"
CAVSA,"29_8, 47_6, 67_1, 10_3, 77_6, 102_1, 4_11, 57_5, 24_15, 3_2, 44_7, 5_1, 94_2, 6_11, 35_10, 6_3, 75_7, 50_11, 59_15, 4_1, 9_11, 84_6, 63_1, 5_4, 77_11, 81_2, 59_16, 30_2, 59_8, 2_10, 86_8, 1_3, 38_3, 97_11, 46_13, 30_7, 40_9, 93_4, 33_4, 103_3, 101_4, 3_3, 69_8, 104_8, 21_3, 76_1, 103_6, 34_11, 66_1, 72_9, 79_9, 38_10, 67_3, 11_8, 5_13, 9_12, 67_10, 7_2, 23_13, 97_1, 7_6, 4_9, 50_6, 65_4, 63_2, 5_10, 41_3, 65_6, 60_7, 98_11, 67_7, 29_4, 80_6, 54_9, 57_9, 51_5"
CAVTE,15_12
CAVTVS,11_4
CEDO/1,"2_15, 1_3, 1_4, 42_6"
CENSEO,"99_5, 66_10"
CENSVS,99_5
CENTVMVIR,"69_9, 67_1"
CENTVMVIRALIS,53_3
CERTE,"80_9, 58_3, 55_17, 82_6, 59_3, 48_4, 80_11, 97_15, 55_2"
CERTO/1,"1_7, 93_6"
CERTVS,"42_4, 41_4, 24_2, 20_7, 51_3, 10_5, 73_11, 29_12"
CETERVS,"18_3, 100_8, 71_1, 101_7, 97_10, 65_5, 22_13"
CINNA/N,87_10
CIRCVMEO/1,94_10
CIVILIS,"70_1, 74_13, 70_5, 74_4, 78_9, 34_4, 35_12, 74_18, 97_12, 78_4, 4_12, 75_4, 70_8, 18_4, 73_7, 100_1, 43_9, 67_9"
CIVIS,"102_12, 101_8, 102_6, 18_3, 98_8, 98_4, 101_9, 101_10"
CIVITAS,"99_7, 100_3, 98_8, 100_17, 102_3, 96_8, 97_3, 70_8, 100_9, 100_14, 101_6, 98_8, 18_6, 97_6, 102_7, 71_9, 40_3, 101_9, 100_12, 100_13, 100_16, 100_15, 96_6, 98_6, 102_13, 97_7, 98_3, 102_14, 75_6, 76_1, 98_11"
CLAM/1,"92_7, 92_11"
CLAMITO,9_5
CLAMO,55_13
CLAMOR,43_5
CLARVS,22_6
CLIENS,57_11
CLOACA,36_4
CLODIVS/N,27_9
COGITO,30_4
COGNATVS/1,15_3
COGNITOR,14_3
COGNITVS/2,104_3
COGNOMEN,27_9
COGNOSCO,"29_8, 104_4, 57_4, 81_13, 14_2, 86_6"
COGO,"46_7, 48_6, 59_4, 59_13, 66_5, 33_11, 41_3, 34_10, 63_9, 59_2, 39_11, 59_9, 89_3, 39_10, 46_2, 23_10, 55_18, 23_10, 32_7, 20_8, 10_3, 92_2, 59_3, 39_3, 59_3, 35_6, 63_5, 91_6, 36_7, 31_3, 104_7, 24_6, 59_13"
COHAEREO,52_2
COLLIGO/3,6_6
COLLOCO,"16_11, 41_5, 15_8, 11_5"
COLLOQVOR,20_5
COLO/2,59_8
COLONIA/1,"98_3, 102_6"
COLONVS/1,"57_10, 94_5, 94_11, 94_8"
COMMEMORO,"26_6, 67_2, 77_13, 99_8, 97_14, 22_11"
COMMINVS,43_4
COMMITTO,"21_4, 21_3, 62_10"
COMMODVM/1,20_5
COMMODVS,8_7
COMMOVEO,93_10
COMMVNIO/2,74_4
COMMVNIS,"94_4, 50_11, 49_10, 70_3, 103_3, 9_13"
COMMVTO/2,"86_3, 74_9"
COMPENDIVM,13_4
COMPLECTOR,55_2
COMPLVRES/2,"30_5, 26_2, 24_11"
COMPONO,"86_3, 50_6, 59_13"
COMPREHENDO,81_11
COMPROBO,72_4
CONCEDO/1,"48_4, 18_6, 92_10, 68_5, 103_3, 44_7, 52_4, 30_10, 96_4, 67_9, 77_11, 90_10, 44_10"
CONCLVDO,63_15
CONDEMNO,"40_13, 35_14, 29_6, 7_10, 29_7, 29_10, 91_11, 6_5"
CONDICIO,40_2
CONDVCO,94_6
CONDVCTIO,94_7
CONFERO,"17_8, 22_14"
CONFESSIO,"3_4, 104_17, 24_3"
CONFICIO,82_10
CONFIDENS,27_10
CONFIDENTIA,2_15
CONFIRMO,5_10
CONFITEOR,"24_4, 44_7, 92_8, 4_6, 24_4, 2_6"
CONFLICTVS,43_4
CONFLIGO,"8_7, 46_10"
CONFVGIO,"83_2, 100_11, 93_4"
CONGREGO,"59_4, 59_5"
CONICIO,63_3
CONIECTIO,43_5
CONIECTVRA,16_9
CONIVNGO,14_10
CONOR,"84_4, 104_10, 29_13"
CONSECTOR/2,54_9
CONSERVO,5_7
CONSIDERATVS,1_5
CONSIDERO,"54_9, 87_1, 4_1, 55_4"
CONSILIVM,"51_10, 52_9, 48_6, 22_9, 29_3, 50_8, 29_3, 81_8, 63_5, 102_10, 29_4, 56_3, 18_5"
CONSISTO,59_10
CONSOLOR,80_6
CONSPICIO,"46_5, 45_3, 54_7"
CONSTANS,1_7
CONSTITVO,"7_7, 5_7, 40_11, 76_3, 40_3, 40_5, 35_2, 20_3, 39_2, 15_2, 7_2, 46_12, 81_4, 13_1, 15_9, 8_15, 100_11, 55_5, 9_6, 40_8, 79_9, 32_5"
CONSTITVTVM,33_12
CONSTO,"75_9, 43_13, 55_16, 32_7"
CONSVESCO,59_8
CONSVETVDO,"23_2, 2_12, 85_2, 6_7, 7_3"
CONSVLO,"78_8, 66_10, 68_2"
CONSVLTOR,79_7
CONSVLTVM,51_6
CONTEMNO,"103_8, 103_9, 70_1"
CONTENDO,"93_6, 97_6, 1_6, 65_8, 76_5, 103_7, 46_14"
CONTENTIO/1,41_8
CONTERO,14_3
CONTINENS/3,"11_6, 15_6"
CONTINEO,58_14
CONTRA/2,"2_8, 97_2, 79_3, 74_5, 69_9, 69_5, 53_4, 67_6, 65_7, 69_1"
CONTRADICO/2,97_9
CONTRARIVS,104_5
CONTROVERSIA,"19_9, 23_7, 21_6, 49_9, 17_14, 31_2, 46_10, 13_5, 41_7, 36_4, 9_13, 33_3, 6_10, 71_1, 47_2"
CONTVNDO,18_9
CONVELLO,51_9
CONVENIO,"7_6, 16_13, 33_4, 59_6, 59_3, 79_6, 51_9"
CONVENTVS,22_2
CONVOCO,"59_4, 2_2, 33_6, 33_2, 24_6, 59_6, 59_11"
COPIA,"43_6, 51_1, 33_10, 22_5"
COPIOSVS,"64_5, 53_1"
CORNELIVS/N,54_10
CORPVS,"42_9, 61_8, 43_11, 43_4, 42_2, 27_9, 42_5"
CORRVMPO,72_9
COTIDIANVS,"91_1, 92_4, 14_2, 52_2"
COTTA/N,"97_10, 97_4, 97_3"
CRASSVS/N,"69_8, 53_1"
CREDO,"74_9, 31_1, 3_11, 18_7, 24_14, 72_3, 3_11, 27_6, 20_10, 24_13, 26_4"
CRVOR,76_9
CVM/2,"64_4, 79_12, 64_4, 23_7, 11_11, 87_12, 1_7, 62_2, 30_5, 23_8, 20_6, 22_5, 26_2, 79_10, 76_4, 2_9, 24_10, 87_3, 26_2, 34_3, 12_3, 80_8, 41_4, 104_12, 28_10, 13_3, 76_6, 25_4"
CVM/3,"4_2, 25_6, 66_2, 39_6, 62_9, 9_7, 15_1, 94_8, 53_3, 91_2, 97_3, 67_2, 66_4, 40_11, 56_6, 29_3, 27_3, 13_1, 25_8, 88_13, 80_1, 66_1, 34_6, 99_1, 97_2, 30_4, 45_4, 26_7, 50_8, 32_5, 42_5, 37_4, 94_10, 83_7, 30_8, 5_3, 31_2, 29_4, 89_10, 20_9, 94_6, 100_16, 65_6, 48_5, 32_7, 44_6, 19_2, 43_12, 49_7, 45_2, 15_7, 11_3, 3_9, 93_8, 28_9, 88_12, 71_5, 16_10, 4_1, 29_5, 36_13, 22_4, 79_9, 41_7, 104_15, 47_1, 29_7, 28_5, 61_3, 5_5, 3_11, 19_2, 51_4, 16_8, 102_12, 21_8, 104_8, 89_8, 48_9, 99_4, 30_2, 20_1, 92_10, 53_6, 35_2, 86_7, 100_9, 79_1, 88_3, 83_2, 92_5, 100_15, 85_8, 71_1, 22_9, 99_3, 99_5, 33_7, 48_3, 17_5, 98_9, 33_10, 67_5, 2_1, 101_6, 89_1"
CVMPRIMIS,10_7
CVNICVLVS,88_6
CVPIDVS,"47_9, 8_10"
CVPIO,"37_14, 33_10, 12_3, 48_5"
CVR/1,"91_1, 79_3, 95_1, 101_9, 95_4, 47_7, 47_6"
CVRIVS/N,53_5
CVRO,11_4
DAMNATIO,29_9
DAMNO,29_7
DE,"95_7, 3_6, 41_8, 24_12, 34_12, 104_17, 34_13, 76_4, 77_12, 104_18, 5_6, 25_7, 25_5, 82_6, 26_3, 38_8, 18_6, 20_4, 38_9, 93_11, 77_7, 82_7, 57_1, 59_13, 95_6, 27_7, 96_7, 93_5, 27_7, 29_5, 87_2, 4_11, 19_6, 9_13, 50_2, 91_4, 70_4, 21_6, 41_7, 21_1, 47_1, 1_5, 69_4, 102_3, 42_4, 102_2, 95_2, 49_4, 93_6, 60_5, 95_5, 104_18, 104_16, 91_9, 25_3, 36_3, 55_9, 95_2, 95_5, 94_6, 21_7, 86_7, 30_3, 104_8, 102_12, 68_7, 85_8, 70_4, 36_1, 103_3, 36_3, 23_2, 104_7, 96_1, 55_4, 62_4, 18_7, 9_13, 83_2, 82_6, 82_2, 3_12, 20_2, 23_4, 20_7, 101_1, 25_8, 34_11, 10_2, 89_6, 27_11, 60_9, 48_1, 62_9, 32_1, 4_12, 73_2, 6_3, 36_4"
DEBEO,"75_3, 15_7, 102_3, 37_5, 68_3, 47_3, 46_4, 73_4, 72_6, 16_11"
DEBILITO,42_5
DECEDO/1,"47_4, 46_7"
DECEM,28_1
DECEMVIR,"97_7, 97_4"
DECERTO/1,46_11
DECIPIO,78_3
DECISIO,104_18
DECLARO,"95_11, 87_9, 10_11, 43_12, 87_6"
DECRETVM,"82_8, 84_10"
DECVRRO,65_6
DECVS,28_3
DEDO,"98_6, 98_10, 98_9"
DEDVCO,"95_4, 20_4"
DEDVCTIO,"32_6, 27_4"
DEFENDO,"42_7, 17_6, 2_11, 67_8, 67_5, 104_10, 69_10, 4_8, 65_15, 59_8, 94_1, 64_13, 65_7, 97_4, 85_2, 94_4, 53_3, 38_10, 67_7, 85_11, 66_2, 64_6"
DEFENSIO,"65_1, 34_13, 83_6, 3_4, 64_3, 84_6, 89_4, 24_3, 56_3, 85_6, 79_2, 83_7, 79_8, 101_4, 82_10, 90_4, 38_12, 66_9, 31_7, 90_7, 93_1, 85_5"
DEFENSOR,"14_3, 5_2"
DEFERO,8_12
DEFINIO,22_4
DEFLECTO,51_10
DEFORMO/1,14_8
DEFRINGO,60_11
DEICIO,"90_4, 92_6, 82_2, 91_11, 31_12, 66_4, 49_4, 80_13, 88_18, 35_4, 87_11, 75_8, 23_3, 55_8, 87_5, 80_14, 80_15, 49_2, 49_8, 66_8, 88_11, 82_5, 35_2, 87_7, 56_7, 91_8, 88_10, 37_1, 39_7, 91_5, 76_5, 47_5, 89_13, 37_5, 55_9, 90_11, 91_7, 38_11, 88_13, 76_12, 58_5, 36_14, 36_12, 37_4, 80_9, 87_2, 90_6, 87_2, 83_9, 89_9, 84_8, 50_8, 83_9, 79_11, 64_14, 88_4, 58_6, 58_2, 92_9, 91_2, 84_7, 76_10, 92_1, 49_11, 64_1, 37_5, 90_9, 88_18, 55_13, 62_3, 83_8, 66_3, 82_4, 60_6, 91_7, 50_1, 91_12, 84_4, 91_3, 55_14, 92_5, 37_2, 86_10, 57_7, 89_5, 64_6, 31_8, 49_6, 87_10, 88_7, 82_3"
DEIECTIO,57_12
DEINDE,"94_9, 85_3, 96_5, 69_4, 26_1, 102_3"
DELIBERO,"4_9, 97_8"
DELICTVM,7_12
DELITESCO,"66_8, 61_4"
DEMINVO,"5_9, 38_6"
DEMONSTRO,"10_2, 9_4, 19_7, 5_11, 44_2"
DEMOVEO,"42_4, 49_18, 49_3"
DENIQVE,"52_3, 71_8, 100_16, 35_11, 50_3, 40_3, 72_8, 71_10"
DENVNTIO,"20_11, 19_6, 95_3"
DEPELLO,"90_9, 88_14, 22_1, 49_4"
DEPERDO,102_13
DEPONO,"100_14, 103_4"
DEPRECOR,30_12
DEPVGNO,47_6
DEROGO,3_13
DESCENDO,21_2
DESCRIBO,74_7
DESERO/2,"73_9, 103_2"
DESERTVS,1_1
DESIDERO,101_4
DESTITVO,93_5
DESVM/1,5_13
DETERIOR,"46_13, 18_2"
DETERREO,16_3
DETRAHO,"70_5, 26_4"
DETRVDO,"49_17, 49_13, 47_5, 49_12, 49_15"
DEVNX,17_9
DEVS,"40_2, 83_6"
DICO/2,"23_4, 70_4, 29_2, 33_14, 79_3, 86_10, 69_9, 102_15, 68_5, 3_7, 77_12, 80_16, 29_5, 58_10, 49_6, 46_1, 61_2, 79_9, 89_10, 82_9, 67_1, 41_10, 85_6, 24_8, 78_1, 53_4, 82_7, 24_12, 30_5, 65_10, 27_2, 64_5, 72_1, 68_2, 68_6, 82_9, 57_8, 44_1, 46_2, 49_11, 27_5, 65_5, 86_6, 4_2, 37_13, 55_10, 49_12, 86_2, 19_7, 77_10, 65_2, 27_7, 5_6, 31_3, 48_9, 48_5, 73_2, 60_7, 36_11, 30_8, 65_8, 41_3, 24_15, 81_14, 22_16, 79_2, 36_9, 68_3, 28_8, 83_3, 34_5, 3_9, 44_7, 25_6, 8_6, 33_9, 104_6, 27_5, 40_7, 3_7, 49_7, 51_2, 26_7, 26_2, 77_8, 48_4, 60_8, 30_3, 30_9, 60_2, 28_2, 64_10, 29_10, 35_9, 15_2, 38_3, 92_8, 37_5, 43_2, 18_1, 73_5, 37_11, 27_11, 30_4, 50_7, 50_7, 25_2, 35_1, 79_13, 35_9, 62_3, 38_9, 34_1, 28_9, 84_2"
DIES,"20_5, 36_2, 19_4, 20_3, 32_5, 9_12, 20_6"
DIFFERO,"59_14, 39_10, 39_6"
DIFFICILIS,11_3
DIGITVS,71_10
DIGNITAS,65_9
DIGNVS,"18_8, 81_6"
DIIVDICO,"6_13, 49_9"
DIIVNGO,92_3
DILIGENS,"49_8, 75_1, 74_7, 80_8, 86_4, 70_8"
DILIGENTIA,"34_6, 5_3"
DIMITTO,"98_12, 75_5"
DIRIGO,22_4
DISCEDO/1,"2_13, 46_9, 45_4, 46_3"
DISCEPTATOR,6_12
DISCEPTO,1_6
DISCIPLINA,78_7
DISCO,37_14
DISERTVS,97_2
DISPVTATIO,79_10
DISPVTO,"34_12, 68_1"
DISSIMILIS,92_3
DISSIMILITVDO,93_9
DISSOLVO,"7_3, 11_5, 40_10"
DISSOLVTVS,103_7
DISTINGVO,"56_8, 84_9"
DISTO,39_5
DISTRAHO,6_10
DIV,9_13
DIVTVRNVS,12_2
DO,"64_6, 71_5, 13_7, 8_13, 6_6, 26_7, 16_13, 16_2"
DOCEO,"104_15, 69_10, 104_13, 92_5, 92_6"
DOLABELLA/N,23_1
DOLOR,35_16
DOMESTICVS/2,"63_10, 102_11, 52_3, 6_12"
DOMINOR,71_8
DOMINVS,57_10
DOMVS,"10_7, 35_6, 89_7, 34_9, 36_6"
DOS,"11_3, 11_5, 73_4"
DVBITATIO,"97_14, 4_3, 9_10, 90_1"
DVBITO,"38_9, 9_14, 25_7, 46_6, 2_6, 16_8, 6_3, 46_4"
DVBIVM,"18_6, 76_2"
DVBIVS,"6_2, 94_7, 51_1, 42_8, 97_14, 55_15, 69_3, 31_5"
DVCO,"89_2, 55_15"
DVCTVS,74_16
DVM/2,55_6
DVMTAXAT,57_7
DVO,"100_15, 87_5, 30_9, 86_8, 92_3, 17_9, 88_2, 27_6, 92_3"
DVODECIM,102_6
DVPLICITER,92_1
EA,21_9
ECCE,"20_10, 30_8"
ECQVID,"93_9, 93_9, 93_10"
ECQVIS,"93_7, 86_1, 93_6"
EDICTVM,"51_6, 45_5"
EFFVGIO,"45_10, 26_7, 44_2"
EGO,"98_1, 84_1, 24_12, 96_2, 28_6, 3_10, 58_5, 101_2, 87_4, 52_6, 86_1, 3_6, 8_8, 59_9, 46_1, 8_11, 86_1, 83_6, 101_1, 83_6, 81_4, 97_6, 97_14, 3_9, 89_10, 34_9, 55_1, 87_2, 8_5, 97_1, 86_6, 39_8, 65_1, 79_12, 74_9, 25_6, 30_6, 84_4, 79_12, 3_9, 79_10, 32_7, 34_3, 85_3, 85_5, 55_8, 5_1, 36_13, 38_11, 85_7, 82_8, 74_12, 64_10, 84_7, 66_4, 80_6, 60_8, 66_7, 79_3, 67_2, 77_9, 79_6, 85_5, 9_12, 67_8, 37_1, 6_1, 64_12, 62_2, 6_1, 81_5, 90_5, 35_13, 91_2, 57_7, 82_3, 32_9, 55_13, 98_1, 94_1, 85_6, 5_13, 79_4, 26_8, 80_8, 87_3, 56_7, 62_3, 22_9, 91_2, 26_3, 5_6, 104_15, 81_9, 84_10, 5_2, 24_2, 2_1, 65_3, 64_5, 10_2, 87_5, 32_11"
EICIO,50_3
EIVSMODI,"71_7, 63_13, 33_7, 40_11"
ELOQVENS,53_2
EMO,"15_4, 16_8, 16_14, 19_8, 15_9, 16_6"
EMPTIO,"17_1, 27_7"
EMPTOR,"19_7, 16_3"
ENIM/2,"50_7, 63_6, 55_4, 63_13, 73_7, 101_8, 14_5, 74_1, 86_5, 36_9, 37_3, 86_6, 31_8, 102_4, 38_2, 19_11, 44_1, 49_3, 55_15, 10_4, 88_7, 46_6, 61_4, 35_15, 3_3, 55_10, 84_7, 59_11, 3_8, 96_9, 57_5, 28_11, 64_1, 72_1, 95_6, 68_6, 8_6, 11_7, 12_3, 100_4, 48_7, 8_2, 94_1, 82_3"
EO/3,"82_4, 88_4, 88_8, 88_18, 82_7, 89_2, 88_3, 89_11, 88_13, 27_5, 89_9, 26_3, 80_13"
EQVIDEM,34_1
ERGO/2,"39_4, 56_4, 91_1, 50_5, 34_3"
ERIPIO,"104_11, 100_3"
ERRO/2,"30_7, 32_10"
ERROR,"5_12, 71_5, 50_10"
ET/2,"20_12, 35_1, 7_1, 10_3, 13_6, 17_9, 36_8, 88_5, 67_6, 80_3, 97_4, 61_3, 20_9, 6_14, 12_4, 86_10, 27_1, 97_6, 65_7, 54_1, 97_8, 98_11, 65_7, 104_3, 33_10, 80_3, 50_10, 56_3, 96_8, 37_3, 22_6, 56_2, 41_8, 50_11, 7_4, 50_8, 84_2, 28_2, 24_7, 83_2, 65_7, 29_4, 34_5, 37_9, 104_4, 36_6, 49_3, 49_18, 86_2, 97_11, 77_6, 23_13, 77_8, 66_7, 1_7, 26_9, 26_9, 41_10, 17_12, 11_10, 47_1, 97_11, 81_8, 77_4, 56_3, 46_2, 88_2, 36_7, 97_12, 96_3, 62_2, 45_1, 35_6, 51_11, 87_9, 27_2, 74_10, 27_1, 90_3, 59_9, 49_6, 84_10, 32_2, 104_4, 77_1, 10_8, 30_7, 84_1, 4_4, 24_3, 43_7, 27_9, 76_7, 89_10, 102_14, 65_11, 19_11, 10_10, 64_7, 68_5, 33_6, 81_3, 34_2, 22_11, 22_9, 43_12, 67_7, 50_5, 4_6, 64_4, 10_7, 57_6, 97_9, 49_8, 80_6, 88_2, 6_7, 95_5, 43_9, 69_11, 6_12, 77_2, 45_8, 67_1, 6_13, 59_15, 78_7, 56_2, 1_6, 84_1, 79_11, 19_2, 13_7, 29_4, 34_2, 6_5, 87_4, 10_1, 58_13, 52_2, 81_13, 34_2, 20_4, 51_11, 1_5, 2_3, 43_7, 65_9, 58_14, 65_12, 53_1, 22_10, 41_4, 14_5, 77_9, 40_9, 49_9, 47_2, 27_5, 81_3, 97_10, 52_9, 42_4, 102_14, 46_10, 13_7, 10_10, 77_8, 87_9, 43_3, 59_4, 10_11, 43_8, 55_6, 39_8, 32_7, 50_8, 71_3, 53_3, 34_2, 94_2, 8_7, 96_7, 51_8, 6_12, 71_2, 102_6, 48_3, 41_9, 79_8, 43_11, 4_9"
ETENIM,"42_1, 38_4, 8_13, 70_9, 69_8, 23_8, 89_3"
ETIAM,"26_2, 27_2, 6_9, 34_7, 13_6, 21_7, 70_2, 44_3, 16_4, 104_14, 42_3, 28_6, 50_12, 35_14, 41_12, 24_5, 58_11, 69_11, 73_9, 25_1, 59_7, 63_10, 75_4, 5_9, 78_9, 92_10, 55_18, 76_9"
ETIAMSI,"59_14, 37_6"
ETRVRIA/N,104_3
EX,"79_6, 52_5, 50_6, 80_2, 84_10, 8_2, 10_9, 98_1, 87_7, 87_12, 11_9, 10_6, 80_10, 80_15, 100_1, 82_4, 89_12, 82_3, 12_4, 52_8, 91_9, 38_6, 34_3, 100_15, 16_10, 88_2, 55_16, 89_4, 90_8, 84_1, 9_5, 17_9, 20_5, 89_13, 49_6, 94_6, 87_4, 19_10, 39_5, 77_9, 86_9, 15_7, 87_2, 87_9, 84_7, 102_2, 66_8, 84_8, 88_12, 79_11, 88_9, 98_12, 88_8, 78_8, 24_14, 65_12, 17_9, 82_8, 87_10, 54_4, 80_11, 88_11, 65_12, 76_11, 22_2, 80_10, 14_1, 69_7"
EXAGGERO/1,19_3
EXCELLENS,5_5
EXCEPTIO,"63_4, 23_3"
EXCIPIO,81_12
EXCLVDO,79_12
EXCOGITO,85_3
EXCVSATIO,30_11
EXEMPLAR,28_4
EXEMPLVM,"52_6, 45_1, 52_8, 80_2, 36_8"
EXEO/1,34_9
EXERCITVS/1,"43_2, 43_9, 41_10"
EXISTIMATIO,"8_4, 8_4, 6_4, 7_5, 9_9"
EXISTIMO,"10_7, 3_7, 103_9, 85_2"
EXORIOR,90_3
EXPEDIO,16_12
EXPELLO,"39_10, 39_7"
EXPENDO,17_4
EXPERIOR,"33_12, 39_2, 20_13"
EXPLEO,29_8
EXPLORO,70_9
EXPONO,78_6
EXPRIMO,49_10
EXQVIRO,57_5
EXSILIVM,"100_17, 100_3, 100_11, 100_4, 100_9"
EXSISTO,102_13
EXSPECTO,28_2
EXTER,22_3
EXTRA/2,"104_1, 87_3, 94_2"
EXTREMVM,"44_6, 46_13, 28_2"
FACILIS,"55_10, 8_7, 4_5, 30_2, 45_9, 53_3, 2_16"
FACINVS,"25_2, 38_12"
FACIO,"93_2, 63_15, 67_3, 74_13, 73_2, 85_10, 10_8, 79_12, 36_3, 45_9, 17_1, 57_12, 99_1, 92_11, 104_9, 43_12, 17_5, 34_3, 104_12, 58_9, 36_5, 4_5, 101_7, 45_6, 62_3, 72_2, 6_8, 72_3, 101_3, 45_5, 85_10, 4_4, 45_2, 39_7, 12_7, 83_10, 80_16, 67_4, 9_3, 17_8, 41_2, 45_4, 17_8, 23_12, 23_4, 2_9, 67_3, 49_2, 11_9, 44_10, 46_4, 46_9, 71_2, 4_4, 41_9, 32_10, 15_9, 63_6, 41_7, 41_9, 4_8, 44_10, 7_9, 76_10, 23_11, 1_4, 9_10, 80_7, 34_1, 33_10, 30_10, 2_7"
FACTITO,81_5
FACTVM,"8_2, 83_8"
FACVLTAS,71_5
FALCVLA/N,28_5
FALSVM,71_2
FALSVS,"71_3, 71_7, 3_6, 90_7"
FAMILIA,"58_10, 55_8, 55_16, 56_9, 55_14, 58_9, 63_7, 19_3, 55_9, 55_14, 87_2, 55_7, 55_11, 55_17, 58_14"
FAMILIARIS/2,52_2
FAMILIARITAS,13_3
FATEOR,"104_7, 55_14, 66_4, 96_3, 66_5, 80_14, 91_12, 91_7, 66_6, 104_9, 24_5, 79_12, 66_5"
FEMINA,10_10
FERE,16_9
FERO,"85_2, 95_6, 17_4, 102_3, 75_11"
FERRVM,"93_4, 64_11, 64_8, 41_4, 24_7, 25_4, 24_7"
FICTVS,"14_10, 71_3"
FIDELIS/2,14_11
FIDES/2,"3_12, 104_3, 103_4, 78_10, 3_12, 5_3, 78_5"
FIDICVLANIVS/N,28_5
FIDVCIA,7_11
FILIVS,"53_6, 53_6, 72_4, 27_1, 11_11, 11_9"
FINIS,"22_12, 74_15, 74_7"
FIO,"17_5, 4_12, 68_6, 36_3, 20_13, 4_7, 20_7, 59_7, 74_13, 63_13, 32_6, 27_4, 63_4, 74_12, 22_3, 2_5"
FIRMVS,96_3
FOEDVS/1,51_7
FORMIDO/1,42_3
FORMVLA,51_9
FORTASSE,6_8
FORTE,"37_13, 10_1, 2_6, 14_6"
FORTIS,"18_8, 8_10, 75_10"
FORTVNA,"12_5, 104_4, 88_15, 76_2, 38_5"
FORVM/1,"89_6, 19_6, 53_2, 1_2"
FOSSA,36_3
FRATER,26_7
FRAVDO,7_11
FREQVENS,21_9
FREQVENTER,77_6
FRIGIDVS,61_3
FRVCTVS,"12_4, 19_12, 11_10, 12_5"
FRVOR,"11_11, 12_2"
FVGA,"43_12, 44_7, 22_14, 44_3"
FVGIO,"44_7, 37_13, 84_9, 86_7, 44_3, 44_5, 46_13, 84_1, 49_7, 80_11, 43_3"
FVGO,"64_13, 50_3, 83_9, 31_11, 75_9, 76_7, 33_14, 41_10"
FVLCINIANVS/A,"15_5, 82_2"
FVLCINIVS/N,"11_6, 12_6, 11_7, 10_6, 17_10"
FVNDVS,"48_2, 19_6, 74_12, 17_6, 87_4, 82_3, 15_5, 20_7, 82_2, 74_6, 31_8, 87_7, 54_1, 60_5, 11_2, 19_11, 87_2, 27_7, 82_6, 15_5, 21_6, 26_7, 16_4, 21_8, 35_2, 94_8, 83_2, 27_8, 87_7, 15_9, 74_14, 21_2, 104_15, 104_14, 28_9, 74_14, 19_10, 22_3, 94_6, 22_2, 95_2, 94_7, 20_4, 11_6, 11_4, 94_10, 82_5, 74_1, 31_10, 19_9"
FVSTIS,"64_4, 60_5"
GAIVS/N,"77_7, 36_6, 97_3, 34_13"
GALLVS/1,"88_3, 87_11"
GENVS/1,"20_2, 87_5, 71_9, 34_8, 57_6, 58_14, 52_8, 9_5, 40_4, 86_8, 79_7"
GERO,"23_1, 58_7, 57_3, 40_11"
GLADIVS,"82_9, 62_2"
GLEBA,"60_10, 60_4"
GRACCHVS/N,87_12
GRANDIS,12_7
GRATIA,"72_7, 16_3, 33_12, 26_8, 73_8, 79_1, 74_5"
GRATIOSVS,72_2
GRAVIS,"6_14, 27_8, 29_9, 7_1"
HABEO,"54_11, 55_13, 18_5, 39_5, 34_11, 80_5, 34_4, 22_9, 2_7, 23_7, 71_11, 3_12, 11_9, 36_2, 34_10, 10_8, 63_12, 24_14, 65_6, 64_12, 36_9, 55_12, 23_8, 18_8, 73_11, 17_3, 95_3, 20_11, 74_6, 60_13, 66_11, 58_2, 48_1, 32_9, 37_10, 36_6, 104_6, 31_2, 74_2, 104_2, 94_5"
HAEREO,64_12
HAVRIO,"78_11, 78_11"
HAVSTVS,74_16
HERCISCO,19_4
HERCVLES,52_2
HEREDITARIVS,13_1
HEREDITAS,"18_6, 54_12, 16_10, 102_7, 102_4, 74_9"
HERES,"54_10, 12_3, 53_5, 18_1, 19_3, 11_9, 12_6, 94_9, 17_9, 53_7"
HIC/1,"26_3, 57_4, 31_6, 85_3, 44_4, 14_5, 12_4, 70_9, 2_7, 34_8, 95_12, 91_9, 74_8, 23_1, 68_3, 88_5, 93_3, 55_6, 25_6, 22_8, 32_12, 88_10, 47_5, 13_3, 8_5, 56_3, 32_7, 34_5, 41_3, 99_8, 17_13, 6_4, 35_3, 65_4, 88_8, 87_8, 32_4, 3_11, 46_8, 88_10, 39_1, 94_1, 75_7, 67_1, 77_6, 45_1, 44_1, 72_4, 40_10, 96_3, 58_7, 57_6, 25_5, 83_6, 52_6, 99_6, 20_1, 72_8, 100_1, 97_1, 46_9, 36_13, 98_1, 101_4, 99_4, 19_10, 66_2, 44_9, 63_2, 11_6, 66_4, 15_8, 84_1, 49_12, 59_2, 76_8, 67_6, 85_7, 97_9, 37_9, 101_1, 24_13, 32_8, 103_6, 54_7, 23_4, 88_9, 89_2, 46_1, 48_4, 15_11, 100_17, 26_8, 40_14, 76_3, 100_7, 72_3, 73_6, 40_4, 3_2, 21_3, 55_17, 40_9, 88_18, 33_2, 40_4, 40_5, 99_8, 25_2, 24_12, 72_7, 38_1, 53_8, 66_6, 72_3, 35_5, 53_3, 25_3, 102_1, 69_10, 75_3, 31_1, 17_11, 101_6, 17_1, 11_1, 39_5, 13_6, 2_13, 88_14, 80_6, 67_6, 63_1, 52_4, 58_7, 75_7, 80_13, 86_3, 93_8, 95_7, 27_4, 72_2, 55_3, 25_8, 54_6, 86_11, 92_10, 49_14, 84_1, 76_4, 100_16, 68_1, 88_7, 38_6, 57_10, 85_1, 39_9, 56_6, 41_1, 101_4, 51_1, 102_14, 27_2, 78_1, 84_5, 82_8, 13_1, 88_1, 77_5, 87_5, 81_5, 50_5, 71_9, 24_8, 74_17, 1_6, 32_11, 47_2, 102_4, 89_5, 89_9, 33_14, 5_8, 74_15, 88_18, 93_7, 54_4, 30_10, 104_16, 91_4, 32_10, 84_5, 102_1, 38_2, 4_11"
HIC/2,"90_3, 62_4, 64_12"
HODIE,35_5
HODIERNVS,9_12
HOMO,"91_10, 54_8, 23_2, 94_3, 59_13, 30_10, 21_8, 62_10, 20_8, 47_4, 75_8, 62_10, 31_9, 89_4, 41_8, 59_4, 59_9, 66_5, 104_9, 22_7, 87_3, 33_11, 33_12, 68_3, 32_7, 92_1, 59_2, 67_8, 29_10, 25_3, 24_6, 72_2, 24_14, 69_12, 48_6, 80_10, 97_13, 23_10, 36_7, 44_9, 104_5, 89_7, 92_2, 32_8, 53_1, 56_4, 9_3, 33_6, 55_17, 83_6, 62_4, 64_5, 18_4, 46_2, 63_5, 47_1, 104_7, 41_4, 39_3, 38_8, 19_6, 53_4, 100_10, 102_10, 40_13, 1_5, 103_5, 25_5, 47_9, 91_6, 52_9, 104_2, 23_8, 63_10, 2_2, 104_7, 104_12, 70_6, 70_4, 104_1, 56_2, 62_4, 35_6, 4_5, 62_7, 60_6, 33_2, 104_17, 97_2, 41_5, 75_9, 91_4, 42_5, 38_11"
HONESTVS,"4_5, 71_4, 10_7, 77_4"
HONOR,12_1
HONORARIVS,6_14
HOSTIS,41_11
HVMANITAS,104_5
IACIO,60_9
IAM,"37_2, 8_15, 89_6, 88_9, 82_1, 90_1, 6_2, 18_1, 22_11, 45_1, 90_3, 11_5, 49_1, 7_2, 2_5, 99_1, 103_3, 97_10, 14_1, 90_10, 9_11, 86_2, 6_6, 54_11, 90_8"
IAMDIV,13_2
IBI,"27_3, 41_6, 27_2, 44_10, 20_7"
IBIDEM,23_12
ICTVS,43_4
IDCIRCO,24_13
IDEM,"96_7, 97_11, 59_16, 67_2, 95_8, 94_6, 30_9, 63_5, 94_9, 27_4, 7_7, 89_9, 89_8, 87_8, 58_2, 6_3, 102_5, 38_3, 10_9, 58_9, 59_15, 54_2, 2_14, 44_8, 7_5, 22_14, 39_8, 63_6, 35_9, 74_10, 39_7, 59_2, 95_8, 38_3, 94_6, 63_14"
IDEO,"59_13, 6_9, 24_14, 8_3, 8_5"
IDONEVS,"5_2, 24_14, 3_10"
IEIVNVS,61_3
IGITVR,"44_6, 55_9, 31_6, 53_9, 89_8, 48_4, 8_3, 14_8, 88_1, 44_4, 93_6, 7_6, 60_4"
IGNARVS,32_8
IGNAVVS/2,46_12
IGNOBILIS,10_8
IGNOMINIA,100_10
IGNORO,102_5
IGNOSCO,10_3
ILLE,"36_13, 32_2, 22_7, 79_2, 19_6, 24_3, 40_12, 67_3, 91_1, 92_4, 96_4, 72_1, 90_8, 90_8, 42_9, 14_8, 17_11, 86_7, 89_11, 91_2, 9_5, 77_11, 1_5, 64_3, 25_7, 86_1, 83_8, 23_9, 57_11, 102_8, 3_5, 19_9, 65_10, 24_15, 47_7, 54_8, 39_10, 92_11, 19_4, 14_8, 67_7, 6_4, 65_1, 27_10, 21_7, 92_9, 39_11, 64_1, 90_3, 68_4, 50_3, 30_3, 103_2, 22_15, 8_14, 9_9, 15_10, 104_17, 69_10, 89_3, 11_3, 16_10, 24_15, 4_10, 31_7, 39_10, 4_1, 6_5, 85_6, 95_6, 74_11, 15_5"
ILLO,46_3
IMMINVO,35_16
IMMO,"18_8, 56_5"
IMMORTALIS,40_2
IMMVNITVS,"54_5, 54_3"
IMPEDIMENTVM,48_5
IMPEDIO,53_11
IMPERATOR,46_12
IMPERITVS,"32_8, 18_4, 13_8, 70_4, 97_13"
IMPERIVM,52_3
IMPERO,"25_4, 22_6"
IMPETVS,"44_9, 45_8, 62_2, 41_11, 22_13"
IMPLORO,62_7
IMPONO,14_5
IMPRIMIS,33_7
IMPRIMO,76_12
IMPROBITAS,"4_12, 30_11, 23_10, 2_14"
IMPROBVS,"23_10, 23_8, 71_8, 71_5, 3_6, 23_12, 2_4"
IMPRVDENS,"2_13, 4_4"
IMPVDENS,"62_6, 2_3, 4_2, 62_5"
IMPVDENTIA,"1_4, 2_16, 102_14, 1_2, 50_9"
IMPVLSVS,43_3
IMPVNE,34_3
IN,"17_3, 54_6, 13_6, 26_9, 62_7, 25_4, 1_2, 26_9, 80_11, 70_7, 74_10, 95_8, 70_8, 29_9, 66_9, 76_2, 3_5, 97_11, 54_2, 43_8, 71_7, 33_10, 57_6, 25_2, 3_5, 31_3, 103_6, 38_8, 23_11, 10_11, 1_3, 83_4, 31_6, 5_4, 89_12, 94_10, 64_10, 75_7, 29_4, 50_10, 85_7, 48_2, 84_6, 41_3, 6_7, 59_15, 66_9, 100_17, 75_11, 104_5, 22_2, 15_10, 95_12, 9_6, 63_1, 1_4, 11_2, 65_11, 71_9, 88_19, 104_12, 52_8, 2_3, 23_13, 66_1, 76_9, 88_15, 1_2, 96_9, 94_8, 65_1, 20_10, 1_1, 5_4, 88_6, 32_12, 38_12, 93_4, 51_2, 90_7, 2_10, 46_1, 10_8, 55_1, 46_12, 5_1, 49_5, 88_14, 12_8, 2_14, 104_5, 79_11, 28_11, 85_11, 57_8, 43_9, 88_11, 76_9, 4_6, 46_9, 7_8, 55_5, 37_11, 99_4, 23_12, 96_4, 100_8, 40_14, 35_2, 63_1, 88_10, 71_8, 98_12, 21_8, 11_8, 88_15, 66_7, 57_4, 17_7, 59_8, 88_6, 81_4, 97_10, 100_12, 36_14, 31_8, 22_14, 100_11, 38_12, 24_8, 71_1, 78_3, 2_3, 51_3, 21_7, 36_2, 29_2, 45_2, 3_4, 67_6, 38_3, 20_6, 46_11, 19_6, 72_9, 80_6, 50_2, 84_3, 19_1, 67_9, 31_3, 50_4, 58_7, 80_3, 57_6, 67_4, 91_1, 5_12, 59_15, 63_2, 13_3, 45_6, 85_9, 67_3, 13_7, 15_4, 43_7, 101_4, 93_8, 98_3, 75_11, 31_4, 3_4, 85_9, 27_5, 31_9, 2_2, 59_5, 21_6, 92_4, 29_1, 55_5, 21_2, 89_11, 32_10, 85_12, 53_2, 55_11, 65_4, 2_11, 78_3, 100_17, 91_4, 67_7, 47_2, 11_4, 37_8, 69_11, 77_6, 18_6, 83_9, 94_11, 104_4, 49_12, 20_3, 94_7, 4_3, 22_8, 25_5, 76_5, 57_6, 31_3, 2_14, 4_11, 31_6, 43_7, 26_6, 98_2, 36_5, 80_5, 6_6, 2_5, 54_7, 65_6, 54_5, 63_14, 62_2, 98_5, 61_3, 7_11, 16_11, 88_9, 2_8, 94_1, 103_4, 39_6, 54_2"
INAVDIO,36_12
INCENSVS/2,99_3
INCERTVM,"76_3, 38_5"
INCERTVS,74_3
INCIDO/1,45_7
INCOGNITVS,29_5
INCOMMODVM,"18_3, 75_6, 75_5"
INCVRRO,84_6
INCVRSIO,44_9
INCVRSVS,"22_13, 45_8"
INDE,"90_9, 35_4, 66_3, 35_2, 78_11"
INDICO/1,53_11
INDIGNVS,"8_3, 8_5, 4_10"
INEO/1,79_1
INEPTVS,14_4
INERMIS,"63_11, 93_6"
INERMVS,"62_8, 60_13, 33_12"
INFERO,"39_6, 13_7"
INFERVS,"50_2, 2_11"
INFESTVS,33_6
INFIRMO,"51_9, 29_13, 38_7, 30_8"
INFIRMVS,64_9
INFLECTO,73_7
INGENIOSVS,67_8
INGENIVM,"5_5, 78_10, 5_10, 78_5, 86_5"
INGREDIOR,"76_6, 21_9, 31_9, 76_5, 79_10, 39_11, 39_10, 64_7, 22_12"
INICIO,"97_4, 4_9, 83_10, 42_3"
INIMICVS/2,33_5
INIQVITAS,65_9
INIQVVS/2,"8_15, 64_3, 8_3, 103_7"
INITIVM,"3_3, 10_1"
INIVRATVS,3_10
INIVRIA,"35_13, 9_6, 35_15, 101_7, 32_10, 35_10, 102_11, 36_10, 63_7"
INOPS,51_2
INQVIO,"24_7, 80_9, 74_6, 41_1, 80_12, 49_16, 41_6, 19_11, 36_7, 80_9, 37_1"
INSIDIAE,84_4
INSIGNIS,"37_12, 36_9"
INSIMVLO,3_10
INSINVO,13_3
INSPICIO,61_5
INSTITVO,"53_5, 15_2"
INSTITVTVM,2_11
INSTO,8_9
INSTRVCTIO,43_6
INSTRVO,"41_4, 33_11"
INSVM/1,31_5
INTEGER,"42_7, 98_11"
INTELLIGO,"47_3, 53_9, 44_8, 47_9, 58_3, 30_6, 81_13, 56_6, 86_8, 50_9, 89_2, 101_5, 30_2, 37_6, 31_9, 31_7, 51_5, 88_7, 31_6, 49_18, 102_2, 54_4, 55_16, 52_5, 49_15, 100_4, 99_7, 55_4, 62_1"
INTENDO,20_2
INTER,"14_4, 70_11, 52_2, 14_4, 93_7"
INTERCLVDO,84_3
INTERDICO/2,"36_11, 86_7, 89_9, 85_9, 85_8, 23_2, 36_5, 92_4, 80_12"
INTERDICTVM,"40_10, 66_7, 63_15, 35_3, 59_2, 50_5, 38_3, 62_4, 89_8, 32_11, 63_2, 91_2, 83_1, 66_6, 87_8, 32_9, 41_1, 63_14, 86_3, 86_9, 89_5, 9_8, 93_7, 55_6, 40_4, 93_9, 59_14, 56_2, 35_5, 50_9, 91_4, 57_4, 62_9, 38_6, 91_9, 55_4, 49_13, 79_12, 104_18"
INTERDVM,30_10
INTEREA,36_1
INTERIOR,89_13
INTERPONO,71_3
INTERPRES,"54_11, 70_3"
INTERPRETOR,89_10
INTERSVM/1,"93_7, 93_7"
INTORQVEO,77_3
INTRA/2,22_12
INTRO/1,"39_9, 22_7"
INTRO/2,13_7
INTROEO/1,"89_7, 87_4, 34_10"
INTROITVS,"21_5, 39_3"
INVADO/2,25_5
INVENIO,"86_7, 87_6, 66_7"
INVENTOR,85_4
INVIDIA,65_11
INVSITATVS,36_11
IPSE,"73_3, 95_4, 94_9, 2_6, 59_10, 80_6, 99_6, 104_15, 20_10, 55_5, 77_8, 3_11, 44_3, 15_3, 32_2, 77_7, 88_15, 74_11, 55_3, 28_10, 92_10, 8_12, 69_8, 58_13, 84_6, 75_7, 75_10, 35_9, 43_5, 41_11, 84_3, 60_9, 40_3, 104_10, 23_12, 54_4, 37_3, 88_19, 89_2, 13_6, 48_1, 94_3, 27_7, 79_8, 59_3, 10_10, 80_7, 9_11, 25_8, 102_3, 64_2, 90_6, 12_4, 17_2"
IRASCOR,28_7
IRRIDEO,65_10
IS,"30_1, 33_8, 49_15, 88_9, 29_4, 16_7, 86_10, 35_3, 83_3, 99_2, 30_2, 27_6, 76_5, 96_2, 51_5, 52_5, 94_11, 32_2, 104_10, 72_5, 55_5, 64_11, 20_9, 102_2, 3_9, 80_4, 13_5, 83_8, 63_14, 49_11, 95_9, 84_6, 49_12, 60_13, 2_6, 46_9, 24_4, 50_6, 42_3, 104_15, 86_9, 12_3, 100_14, 104_6, 104_8, 78_2, 58_2, 49_5, 69_7, 81_7, 68_2, 77_8, 8_9, 2_4, 11_4, 42_6, 4_8, 27_1, 99_5, 48_7, 63_15, 8_12, 92_6, 88_5, 60_3, 93_1, 3_11, 90_10, 16_13, 91_10, 98_1, 40_5, 63_4, 5_9, 16_9, 100_14, 19_11, 75_8, 22_7, 25_7, 73_3, 15_5, 69_2, 80_15, 18_9, 29_2, 80_13, 99_2, 22_4, 10_2, 66_1, 96_9, 49_5, 76_11, 66_10, 79_3, 60_10, 92_2, 98_9, 49_6, 90_4, 15_3, 13_3, 5_6, 5_11, 24_15, 22_2, 81_7, 59_4, 7_12, 94_2, 69_11, 68_8, 22_15, 81_7, 7_2, 66_8, 16_8, 100_16, 59_4, 87_4, 75_1, 57_8, 15_7, 67_5, 6_7, 63_2, 88_15, 21_6, 84_7, 9_4, 30_8, 38_10, 36_5, 17_4, 49_4, 93_11, 40_8, 95_4, 103_5, 43_7, 49_4, 104_10, 84_3, 35_11, 29_12, 16_11, 20_7, 79_2, 46_3, 91_8, 8_13, 13_7, 98_11, 81_13, 70_2, 43_9, 74_11, 88_11, 34_2, 64_6, 99_4, 43_10, 86_6, 80_10, 22_3, 100_7, 87_2, 77_5, 101_3, 30_4, 99_1, 45_7, 4_7, 88_19, 29_2, 46_13, 28_7, 74_3, 22_12, 103_6, 81_14, 98_7, 10_8, 58_13, 102_2, 103_9, 94_8, 7_12, 64_13, 15_6, 101_6, 55_11, 85_5, 2_15, 65_8, 16_13, 1_7, 55_13, 4_3, 23_13, 24_13, 43_2, 23_12, 73_2, 68_2, 53_4, 92_8, 54_10, 20_11, 84_8, 57_7, 82_3, 42_1, 29_3, 59_6, 87_4, 48_6, 15_8, 9_6, 79_11, 50_7, 55_3, 22_10, 64_8, 91_7, 60_9, 48_5, 7_9, 31_11, 46_5, 51_10, 42_8, 23_11, 95_9, 87_1, 72_9, 58_3, 18_2, 49_3, 32_11, 14_5, 80_11"
ISTE,"79_9, 90_7, 19_7, 79_7, 73_1, 67_6, 79_5, 66_1, 83_5, 22_5, 84_2, 65_5, 43_11, 56_4, 79_8, 71_8, 19_9, 61_2, 95_11, 17_2, 66_9, 21_4, 17_12, 82_5, 64_2, 94_10, 95_2, 13_2, 17_11, 21_5, 19_2, 61_3, 79_7"
ITA,"17_7, 88_3, 78_7, 28_5, 35_1, 45_5, 17_5, 103_5, 86_3, 61_6, 92_6, 75_10, 53_5, 62_3, 78_10, 82_3, 69_8, 23_1, 61_7, 34_4, 41_2, 38_10, 33_7, 24_4, 104_16, 78_8, 102_3, 84_1, 28_7, 35_2, 76_7, 18_8, 37_5, 47_5"
ITALIA/N,57_8
ITAQVE,"18_4, 12_8, 90_5, 100_8, 21_8, 3_1, 71_1, 15_8, 92_8, 42_5, 24_1"
ITER,"36_4, 74_8, 74_16"
ITERVM,"33_8, 28_8"
IVBEO,"84_10, 102_4, 89_12, 84_10, 95_10, 82_4, 96_1, 54_3, 88_3, 82_7, 96_4, 83_3, 54_1, 60_5, 88_3, 36_3"
IVCVNDVS,12_2
IVDEX,"59_10, 59_10, 72_1, 48_1, 61_4, 7_9, 65_14, 29_3, 71_4, 8_6, 72_9, 97_13, 69_3, 38_2, 8_15, 8_10, 6_15, 71_10"
IVDICIVM,"7_9, 53_3, 7_7, 27_12, 35_16, 27_5, 46_12, 4_12, 51_8, 104_8, 61_2, 7_2, 28_4, 24_8, 104_12, 2_4, 28_11, 8_13, 1_8, 6_4, 6_9, 2_10, 67_7, 101_3, 5_10, 61_2, 38_8, 1_2, 104_1, 2_3, 8_8, 71_1, 8_2, 38_8, 9_6, 70_2, 10_3, 9_11, 63_2, 83_9, 2_14"
IVDICO,"97_10, 6_7, 29_6, 8_9, 104_19, 69_8, 68_5, 7_6, 99_2, 71_6, 55_15, 69_1, 102_2, 97_9, 90_2, 8_13, 9_10, 4_3, 99_4, 65_13, 23_5, 62_11, 68_6, 73_4, 40_14, 62_9, 43_9, 69_3, 68_5, 4_9, 7_7, 81_6, 72_2, 97_8, 72_5, 68_9, 69_5, 97_5"
IVMENTVM,"54_4, 54_5"
IVRISCONSVLTVS,"68_3, 65_2, 67_9, 69_4, 69_9, 69_5"
IVRO,"3_9, 25_9"
IVS/1,"96_9, 40_9, 101_1, 32_3, 54_2, 75_5, 9_1, 10_4, 9_9, 69_11, 63_6, 103_4, 69_2, 76_8, 57_10, 1_7, 8_11, 54_7, 74_4, 103_2, 98_11, 104_18, 5_9, 77_1, 75_4, 81_3, 95_10, 70_5, 102_12, 40_2, 65_13, 10_2, 67_9, 52_9, 35_11, 74_17, 5_6, 68_8, 9_14, 56_1, 94_4, 77_3, 83_7, 10_5, 71_7, 93_9, 39_2, 100_15, 68_7, 32_8, 97_12, 68_7, 55_5, 73_7, 78_8, 33_4, 80_3, 70_8, 6_2, 40_12, 18_2, 61_2, 4_12, 95_8, 75_2, 97_12, 1_5, 43_9, 78_4, 4_7, 34_4, 100_1, 63_16, 14_5, 41_8, 74_7, 74_10, 70_3, 94_9, 70_6, 32_9, 65_8, 57_6, 5_8, 70_1, 76_10, 93_3, 74_13, 49_10, 69_4, 98_7, 34_12, 33_12, 47_1, 35_15, 33_4, 76_1, 70_4, 34_8, 40_14, 2_9, 8_7, 85_6, 102_5, 74_3, 4_7"
IVSSVM,96_2
IVSTVS,"97_9, 78_7, 99_4, 4_9, 97_5"
LABEFACTO,70_6
LABOR/1,78_5
LABORO,"10_4, 103_6, 3_6, 80_7"
LAEDO,"23_11, 28_6, 3_11, 23_9, 6_12, 70_6"
LAQVEVS,83_4
LARGIOR,35_13
LATEO,38_13
LATINE,"60_2, 55_11, 56_4, 62_8"
LATINVS/A,98_3
LAVS,"77_9, 77_10"
LEGITIMVS,"47_1, 57_8"
LEGO/1,"11_11, 12_8"
LENIS/2,9_4
LEVIS/1,"8_6, 43_9, 6_11"
LEVO/1,102_11
LEX,"95_6, 97_11, 40_3, 95_8, 74_5, 102_8, 74_16, 98_4, 54_1, 100_11, 100_12, 54_2, 100_2, 51_6, 95_12, 100_8, 70_6, 74_10, 95_9"
LIBENTER,"2_15, 27_5, 24_4"
LIBER/2,"99_2, 96_9, 99_5, 20_8, 99_3, 57_1"
LIBERI,73_12
LIBERO,99_5
LIBERTAS,"96_6, 97_3, 99_6, 99_2, 100_3, 96_8, 35_16, 99_7"
LIBERTVS,"58_5, 17_10, 57_11, 63_9"
LIBIDO,"77_2, 76_11, 76_9"
LICEOR,"16_2, 16_13"
LICET/1,"35_14, 54_4, 12_2, 41_1, 48_6"
LIMEN,35_7
LINGVA,51_2
LIQVEO,"31_2, 29_5"
LIQVIDVS,78_11
LIS,"32_8, 20_2, 19_5, 74_15"
LITIGIOSVS,14_3
LITTERA,"65_11, 66_2, 65_7, 84_3, 77_3, 38_12, 49_10"
LOCO,17_7
LOCVS,"88_10, 50_5, 79_11, 80_11, 88_14, 100_7, 66_9, 77_5, 87_2, 66_8, 49_5, 86_9, 87_9, 85_10, 42_4, 88_17, 23_7, 88_8, 80_15, 84_9, 86_10, 59_5, 87_9, 67_1, 88_19, 50_2, 41_4, 88_9, 37_7, 85_8, 20_6, 88_11, 88_8, 87_5, 80_13, 88_10, 80_10, 49_4, 28_2, 49_7, 84_7, 44_2, 76_11, 84_1, 88_9, 80_10, 22_12, 22_1, 42_6, 10_9, 1_1, 50_7"
LONGVS,"20_7, 58_11, 101_2, 95_11, 53_1, 3_1, 55_3"
LOQVOR,"25_5, 60_2, 47_2, 34_12, 56_5, 25_8, 56_5, 41_8"
LVCIVS/N,"53_1, 27_1, 26_1, 35_9"
MAGIS/2,"24_15, 99_6, 5_9, 35_14, 16_12, 14_10, 65_1, 6_9, 16_11, 62_1, 43_11, 7_2, 23_6, 7_4, 48_7, 102_8"
MAGISTER,32_12
MAGISTRATVS,"97_13, 33_8, 51_6"
MAGNVS,"75_6, 42_8, 74_9, 41_10, 7_12, 72_8, 43_6, 42_3, 63_7, 12_4, 92_8, 12_8, 47_4, 34_9, 12_1"
MAIORES,"45_1, 83_7, 88_4, 34_6, 81_5, 86_5, 93_2, 93_10, 5_7, 40_15, 99_8, 74_7, 40_6, 75_2"
MALE,"80_16, 68_5"
MALEFICIVM,"100_9, 6_10"
MALITIA,2_5
MALITIOSVS,20_2
MALO,"64_6, 29_6"
MALVM/1,27_3
MALVS/3,"25_2, 7_2"
MANCINVS/N,98_10
MANCIPIVM,74_3
MANDATVS,19_7
MANDO/2,"15_9, 7_11"
MANEO,98_5
MANILIVS/N,69_7
MANIVS/N,53_5
MANVS/1,"49_15, 45_7, 49_17, 33_10"
MARCVS/N,"54_5, 17_10, 10_6, 12_6"
MATER,12_7
MATRIMONIVM,10_9
MATVRVS,"7_9, 7_4, 12_5"
MEHERCVLE,64_5
MEI,37_2
MEMINI,"28_8, 28_10"
MEMMIVS/N,26_5
MEMORIA,80_2
MENS,"55_1, 40_14, 15_10, 98_2, 70_7, 15_4"
MERCENARIVS/2,"63_8, 58_13"
MERCES,17_11
MERCOR,11_7
METVO,44_5
METVS,"22_15, 44_1, 43_2, 44_5, 2_9, 31_4, 26_8, 49_7"
MEVS,"26_4, 83_5, 35_9, 83_5, 96_2, 87_1, 83_5, 5_3, 34_10, 24_3, 86_5, 8_11, 32_9, 55_14, 74_13, 85_2, 85_6, 3_4, 22_8, 85_5, 89_4, 87_3, 24_2, 87_2"
MILES,"99_1, 43_5, 61_5"
MILITARIS,43_8
MILLE,28_8
MINAE,41_5
MINITOR,"66_6, 21_4"
MINOR,"24_11, 27_3"
MIROR,"79_3, 67_6, 65_4, 20_9, 16_14"
MIRVS,"67_8, 65_1"
MISERICORS,26_9
MITIGO,35_16
MODO/1,"53_6, 25_1, 50_4, 41_11, 28_6, 21_6, 76_5, 47_5, 73_9, 59_5, 51_2, 85_4, 44_3, 59_7, 34_7, 39_8, 70_2, 55_18, 55_11, 35_7"
MODVS,"72_7, 99_9, 80_9, 48_7, 35_4, 65_8, 15_6, 96_7, 92_2, 50_4, 36_15, 32_11, 85_10, 96_6, 72_9, 90_5"
MOLESTIA,17_12
MOLLIS,28_7
MONEO,35_8
MORA,"7_7, 6_4, 4_10"
MORIOR,"11_7, 53_6, 12_6, 53_7, 17_8"
MORS,"41_5, 66_5, 24_6, 94_9, 33_13, 83_10, 42_3, 41_12, 10_11, 31_4"
MORTALIS/2,62_7
MOS,"20_4, 95_4, 32_6, 27_4, 2_7, 93_3, 2_9, 2_11, 36_8"
MOVEO,"43_11, 43_10, 37_7, 50_2"
MVCIVS/N,"69_6, 69_12, 53_4"
MVCRO,84_5
MVLIER,"11_4, 15_8, 12_8, 13_4, 15_4, 14_2, 14_9, 16_12, 15_11, 17_8, 13_8, 14_4, 72_5, 73_4, 97_3, 12_2"
MVLTA/1,"98_4, 98_5"
MVLTITVDO,"59_11, 39_3, 41_4, 33_11, 59_12, 31_3, 93_2, 76_7, 33_4, 22_10, 59_12, 44_8"
MVLTO/1,100_9
MVLTO/2,"62_6, 42_3, 17_7, 104_14"
MVLTVM/2,"77_2, 80_5"
MVLTVS,"69_12, 22_8, 62_10, 10_10, 80_2, 16_3, 77_12, 80_3, 57_6, 80_6, 55_17, 45_2, 20_8, 11_7, 63_12, 35_13, 62_9, 104_4, 55_1, 90_7, 55_2"
MVNICIPIVM,"10_6, 10_9"
MVNVS,15_11
MVTO/2,"100_7, 8_8"
NAM,"96_7, 100_1, 65_5, 62_6, 95_12, 102_1, 34_3, 49_12, 28_9, 70_1, 100_6, 100_15, 22_9, 74_11, 68_1, 77_7, 100_3, 2_4, 37_3, 23_12, 4_4, 12_5, 7_3, 80_7"
NASCOR,"10_10, 53_7, 78_9"
NATVRA,"10_3, 78_7"
NE/2,"85_10, 38_10, 49_13, 62_3, 33_1, 82_2, 49_7, 49_8, 49_12, 45_5, 74_4, 96_1, 49_10, 33_8, 34_4, 93_1"
NE/4,"5_11, 36_14, 103_9, 10_4, 66_9, 3_6, 46_9, 55_2, 103_7, 39_8, 10_5, 38_2, 46_8, 62_6, 25_7, 46_11, 103_8, 24_7, 4_3, 103_6, 9_13, 77_12, 29_12, 85_4, 50_4, 58_12, 92_6, 73_2, 59_10, 95_11, 72_8, 14_6, 53_7, 55_12, 51_2, 37_7, 47_7, 23_7, 24_13, 59_6"
NEC/2,"101_5, 32_11, 67_9, 92_7, 103_8, 92_7, 27_10, 67_9, 33_4, 33_5, 27_10, 68_7, 92_7"
NECESSARIO,88_16
NECESSE,"52_6, 80_16, 70_7, 84_6, 49_15, 48_8, 49_16, 91_11, 49_4, 38_2, 82_10"
NECESSITVDO,14_9
NECNE,"104_14, 91_5, 31_5, 71_2, 104_13, 93_8"
NEGLIGENS,"40_6, 73_10"
NEGO,"41_9, 29_2, 44_6, 90_9, 32_4, 81_10, 91_8, 81_10, 44_10, 4_4, 90_11, 16_7, 82_8, 81_10, 94_5, 91_5, 49_2, 32_2"
NEGOTIVM,"62_8, 58_7, 32_8, 13_4, 15_11, 16_2, 57_3, 58_5"
NEMO,"67_4, 36_10, 76_12, 91_3, 16_14, 97_15, 49_17, 79_7, 41_6, 16_14, 59_3, 21_4, 100_15"
NEQVAQVAM,40_8
NEQVE,"18_5, 29_11, 83_4, 82_2, 17_7, 42_6, 51_1, 60_10, 51_4, 101_6, 43_4, 73_7, 64_12, 85_7, 64_11, 18_5, 43_4, 41_6, 101_8, 55_14, 37_12, 86_11, 85_9, 72_7, 68_6, 65_4, 72_7, 103_2, 73_8, 46_2, 43_4, 73_8, 37_12"
NEX,100_10
NEXVM,102_4
NIGER,27_10
NIHIL,"70_10, 75_12, 104_6, 35_5, 9_7, 15_12, 21_7, 73_10, 62_1, 27_7, 95_7, 58_3, 70_7, 23_7, 102_1, 40_5, 14_8, 5_4, 96_5, 70_9, 27_11, 96_3, 95_6, 86_3, 14_7, 71_7, 102_13, 58_8, 27_11, 15_12, 80_7, 19_5, 13_8"
NIHILVM,"56_4, 95_9"
NIMIVM/2,"55_2, 19_3, 77_11, 14_3, 78_2"
NIMIVS,"71_8, 9_1"
NISI,"90_9, 76_11, 76_9, 9_8, 92_6, 79_11, 2_6, 92_5, 91_5, 24_13, 29_2, 91_9, 50_2, 102_13, 95_12, 65_10, 45_5"
NOCEO,"60_12, 63_12"
NOLO,"99_5, 57_5, 85_12, 100_13, 1_7, 99_3, 48_3, 99_9, 8_8"
NOMEN,"19_3, 57_2, 65_9, 71_4, 58_4, 55_12, 60_12, 104_3, 22_6, 57_12, 58_14, 56_9"
NOMINO,"79_4, 51_4, 47_2"
NON,"10_8, 15_10, 103_6, 17_2, 72_4, 59_5, 81_3, 99_1, 86_7, 78_7, 51_9, 96_10, 56_4, 60_10, 74_5, 45_7, 90_6, 53_10, 59_6, 32_2, 59_7, 49_2, 18_5, 91_4, 83_8, 69_8, 44_4, 64_13, 40_12, 96_8, 49_3, 31_6, 53_6, 95_3, 63_1, 34_4, 85_3, 18_1, 48_9, 90_10, 49_11, 41_6, 16_9, 75_5, 34_11, 7_9, 48_6, 28_8, 76_10, 63_8, 38_8, 37_6, 101_3, 85_4, 63_12, 72_6, 1_6, 69_5, 47_6, 68_8, 86_6, 46_9, 87_4, 104_12, 69_10, 95_9, 35_4, 88_5, 102_2, 57_6, 4_11, 36_6, 47_5, 66_11, 57_5, 21_6, 91_8, 23_9, 77_11, 4_2, 31_2, 71_8, 20_10, 38_11, 8_5, 36_8, 84_10, 49_10, 3_12, 28_6, 52_2, 42_7, 78_9, 98_1, 43_3, 102_4, 45_8, 51_2, 38_12, 39_3, 6_14, 95_11, 65_3, 56_8, 2_12, 92_4, 66_4, 70_6, 38_4, 98_10, 90_4, 88_15, 68_2, 93_11, 99_2, 101_1, 53_11, 59_11, 85_5, 52_8, 35_13, 46_4, 64_7, 99_1, 84_7, 66_8, 97_7, 64_1, 29_8, 25_1, 97_7, 60_8, 8_16, 20_7, 59_9, 70_5, 55_17, 55_16, 98_2, 100_5, 64_11, 70_4, 41_2, 75_7, 43_10, 94_1, 77_5, 104_9, 71_11, 40_6, 41_11, 38_2, 49_17, 94_5, 30_2, 44_3, 33_4, 31_11, 85_12, 60_9, 58_10, 91_10, 40_15, 64_6, 60_13, 8_12, 77_11, 65_12, 73_9, 43_8, 100_13, 2_15, 20_11, 57_2, 29_2, 50_11, 75_3, 100_12, 10_4, 97_4, 42_6, 75_11, 33_3, 76_8, 26_1, 14_9, 79_10, 38_4, 69_11, 68_3, 49_14, 94_3, 92_9, 64_3, 31_1, 99_7, 95_12, 29_3, 50_4, 2_3, 31_2, 2_6, 82_2, 78_3, 26_5, 76_8, 63_9, 64_1, 42_1, 55_12, 13_9, 79_7, 63_6, 48_3, 52_7, 60_7, 39_8, 2_8, 5_11, 86_2, 36_2, 95_10, 54_8, 80_10, 39_11, 67_2, 58_6, 69_3, 96_4, 54_2, 1_2, 70_2, 88_11, 63_11, 55_18, 53_6, 63_7, 62_5, 41_9, 74_15, 27_8, 72_1, 49_9, 6_1, 72_5, 98_3, 81_13, 86_5, 34_7, 48_5, 74_13, 101_9, 54_9, 29_4, 52_5, 50_4, 30_5, 75_10, 31_8, 53_10, 61_4, 3_10, 84_4, 10_5, 75_1, 81_9, 84_9, 91_3, 63_15, 64_5, 32_4, 31_8, 68_4, 24_4, 79_13, 65_3, 81_8, 35_6, 85_4, 29_7, 36_11, 55_8, 57_9, 5_8, 103_2, 58_9, 71_7, 36_15, 35_15, 41_2"
NONDVM,"34_12, 34_11"
NONNE,"49_14, 30_10, 37_6"
NONNVMQVAM,"14_11, 71_4, 67_8"
NOS,"46_7, 74_10, 16_7, 40_2, 23_9, 17_6, 81_2, 75_7, 53_2, 3_11, 40_4, 79_1, 52_4, 52_3, 37_13, 2_15, 89_5, 37_10, 77_6, 96_7, 9_4, 38_1, 35_5, 53_9, 55_6, 104_12, 2_11, 74_11, 89_2, 90_2"
NOSTER,"58_7, 100_8, 51_2, 97_5, 9_7, 79_4, 40_7, 57_3, 97_2, 97_9, 44_2, 42_2, 79_2, 81_3, 100_15, 40_15, 82_10, 3_3, 98_3, 34_6, 3_5, 34_12, 104_17, 9_2, 88_4, 9_13, 52_4"
NOTIO,35_12
NOVVS,"101_8, 36_11, 20_1, 101_9"
NVBO,17_7
NVDVS,93_4
NVGATORIVS,64_9
NVLLVS,"50_3, 90_5, 37_11, 37_11, 15_6, 4_7, 39_1, 67_4, 100_8, 90_1, 73_4, 48_7, 58_13, 35_4, 58_5, 85_10, 52_3, 96_6, 33_9, 33_9, 83_7, 36_14, 47_8, 33_2, 39_2"
NVM,14_6
NVMANTINVS/A,98_10
NVMERATVS,11_4
NVMERO/1,"68_8, 90_7"
NVMERVS,"56_8, 96_9"
NVMQVAM,"25_6, 78_2, 29_11, 78_4, 49_6, 8_13, 72_3, 73_3"
NVMQVIS,35_14
NVNC,"102_12, 64_1, 74_3, 2_10, 3_4, 67_3, 89_3, 36_13, 32_2, 16_6, 3_8, 35_4, 9_2, 25_8, 3_5, 62_6, 2_16, 1_3, 65_3, 52_6, 37_6"
NVSQVAM,15_8
NVTVS,29_13
O,73_6
OB,73_6
OBEDIO,52_5
OBICIO,"5_12, 71_5, 29_12, 29_12"
OBLIGO/2,7_8
OBLIVISCOR,62_8
OBMVTESCO,36_5
OBRVO,90_3
OBSCVRVS,6_2
OBSISTO,2_16
OBSTO,"36_14, 30_7, 48_8, 31_8, 24_7, 21_10, 48_3, 39_2"
OBTEMPERO,"68_4, 52_6, 70_6, 65_3"
OBTERO,18_9
OBTINEO,"38_10, 81_10, 10_5, 75_8"
OBVIVS,76_7
OCCASIO,15_7
OCCIDO/2,"41_6, 22_7"
OCCISIO,41_9
OCCVRRO,"64_7, 52_7, 39_8"
OCVLVS,5_11
ODIVM,30_11
OFFENDO,104_6
OFFICIVM,"93_3, 14_10"
OLEA,"22_4, 22_7, 22_12"
OMNINO,"36_12, 37_11, 37_2, 81_3, 53_10, 64_8, 39_4, 49_5"
OMNIS,"70_11, 97_11, 57_8, 77_3, 52_8, 57_5, 95_12, 2_11, 38_5, 62_7, 15_11, 6_9, 11_10, 17_13, 84_3, 101_7, 5_12, 40_10, 34_7, 5_6, 28_11, 15_10, 90_3, 34_2, 74_17, 46_9, 44_8, 102_8, 17_5, 76_2, 53_5, 81_4, 80_2, 30_4, 22_5, 58_13, 70_11, 46_6, 51_3, 52_7, 59_15, 101_5, 101_10, 97_12, 81_7, 57_2, 34_7, 37_8, 58_6, 26_8, 55_5, 21_5, 101_10, 83_6, 16_9, 30_7"
OPERA,"6_14, 14_11, 16_14"
OPINIO,13_7
OPINOR,"88_5, 89_5, 49_8, 55_9, 88_14, 21_3, 79_7, 62_5, 60_3"
OPITVLOR,36_8
OPORTET,"90_6, 68_6, 67_10, 38_4, 9_3, 1_6, 77_11, 68_4, 35_11, 90_6, 85_11, 68_5, 89_12, 85_7, 65_13, 68_7, 22_3, 35_3, 88_7, 93_11, 93_11, 17_5, 96_5, 33_3, 81_10, 83_4, 91_5, 85_9, 53_7, 66_11, 77_2, 65_3, 68_8, 38_3, 85_12, 47_10, 76_6"
OPPONO,"21_8, 84_4, 31_9, 65_9"
OPPORTVNVS,14_11
OPPRIMO,73_9
OPPVGNO,67_5
OPTIO/1,64_5
OPTO,"23_6, 88_14, 88_13"
OPVS/2,"51_4, 59_12"
ORATIO,"65_6, 55_3, 66_4"
ORDO,"22_4, 28_3, 22_7"
ORNAMENTVM,28_4
ORNO,"53_1, 77_7, 60_4"
OSTENDO,"91_8, 81_6, 91_6, 80_6, 91_9, 91_10, 10_11, 92_5"
OTIVM,"43_8, 33_10"
PACTIO,51_7
PACTVM,51_8
PAENE,57_9
PARATVS/2,"15_11, 61_7, 60_4"
PAREO,9_1
PARIO/2,74_2
PARO/2,33_11
PARS,"24_15, 66_2, 5_8, 39_5, 38_6, 104_5, 12_7, 22_3, 89_13, 12_8"
PARTIM,"16_3, 16_4, 20_9, 20_9"
PARTITIO,"13_6, 15_7"
PARVM/2,"1_3, 27_10, 24_14, 46_6, 29_7, 3_10, 94_3, 53_8, 24_13, 28_9, 6_8, 27_10, 6_12, 104_14, 74_4, 75_1, 10_4, 103_6, 14_8, 23_9, 103_8"
PARVVS/2,"26_5, 36_4"
PASCO,59_8
PATER,"98_7, 98_11, 74_15, 74_2, 14_7, 74_14, 98_6, 74_17, 73_11"
PATIOR,"34_5, 31_8"
PATRIA,"88_13, 88_12"
PATRICIVS/2,101_10
PATRIMONIVM,"75_2, 75_4"
PATRO,98_6
PAVCI,"17_8, 47_3, 19_4"
PAVLO,"53_2, 77_6"
PAX,33_10
PECCATVM,9_5
PECVNIA,"16_5, 73_8, 17_1, 16_10, 17_4, 15_7"
PELLO,"43_2, 32_6, 75_9, 41_10, 64_13, 42_7, 43_6, 50_3, 31_11"
PENDEO,52_9
PER,"9_8, 7_10, 36_7, 32_9, 26_6, 40_1, 32_11, 63_14, 92_2, 40_4, 48_6, 54_5, 35_3, 99_8, 63_5"
PERACVTVS,84_5
PERCOMMODVS,77_5
PERCVRRO,94_3
PERDO,90_3
PEREO/1,31_10
PERFRINGO,73_8
PERFVGIVM,100_5
PERGO,59_1
PERICVLOSVS,"34_2, 40_10"
PERICVLVM,"24_7, 41_5, 63_6, 74_15, 7_5, 9_9, 99_3, 31_4, 42_3, 33_13, 43_3, 46_6, 83_10"
PERINDE,61_6
PERITVS,"97_13, 14_4, 78_8, 69_12, 70_5, 68_8"
PERIVRIVM,28_6
PERMAGNVS,79_1
PERMOVEO,49_7
PERMVLTVS,"55_1, 20_8, 101_2"
PERPAVCVS,26_3
PERPERAM,"71_5, 69_2"
PERSAEPE,6_12
PERSEQVOR,"89_6, 32_10, 34_8, 97_12, 8_12"
PERSONA,"14_1, 14_5"
PERSPICIO,"96_3, 78_4, 59_16, 64_2"
PERSPICVVS,"38_4, 31_4, 89_10, 4_6, 100_4"
PERSVADEO,6_1
PERTENVIS,47_3
PERTERREO,"26_8, 44_1, 42_9, 42_4, 2_10, 22_15, 44_7"
PERTINEO,"5_6, 86_9, 27_12, 6_4, 40_6, 63_3, 102_1, 6_14, 58_3"
PERTVRBO/2,74_8
PERVENIO,"42_2, 74_12, 8_8"
PES,"31_10, 39_6"
PETITOR,8_14
PETO,"88_16, 10_2"
PETVLANTIA,103_3
PHORMION/N,"27_11, 27_10"
PISO/N,"89_3, 81_2, 36_6, 64_2, 36_1, 90_7, 93_7, 34_13"
PLACEO,"81_2, 81_2, 20_2, 69_6, 20_12"
PLACIDVS,28_7
PLANE,93_6
PLANVS/2,"92_11, 50_5"
PLERVMQVE,"63_13, 63_4, 59_12"
PLERVSQVE,16_8
POENA,"46_12, 7_12, 100_6, 35_16"
PONDERO,60_8
PONDVS,12_7
PONO,"32_4, 31_10, 3_4, 81_13, 32_2"
POPVLVS/1,"28_3, 28_10, 78_3, 103_4, 98_7, 96_1, 99_1, 76_1, 96_4, 95_10, 78_6"
PORRO,"36_14, 95_4, 16_11, 59_1"
PORTVS,100_5
POSSESSIO,"33_3, 47_9, 19_2, 34_12, 75_11, 35_10, 47_6, 9_8, 39_7, 93_5, 2_8, 76_4, 76_2, 46_10, 41_7, 74_7, 35_15, 81_4, 81_3, 38_5"
POSSIDEO,"91_9, 92_9, 92_7, 92_7, 94_4, 104_13, 94_8, 95_3, 91_5, 93_8, 94_1, 92_12, 91_3, 91_8, 90_5, 35_14, 92_5, 104_13, 91_3, 91_6, 90_4, 90_10, 91_10, 94_9, 19_11"
POSSIDO,17_6
POSSVM/1,"8_15, 70_11, 92_5, 31_6, 91_3, 54_8, 100_16, 62_7, 26_7, 49_5, 9_2, 29_10, 102_13, 76_12, 51_9, 95_11, 101_8, 4_7, 74_14, 96_8, 53_10, 90_9, 90_4, 100_4, 29_2, 48_4, 99_7, 39_9, 102_12, 9_5, 49_13, 18_1, 54_4, 74_14, 85_6, 97_7, 50_4, 91_10, 101_9, 101_10, 16_10, 29_12, 73_3, 88_5, 19_5, 81_12, 48_3, 50_3, 17_2, 52_5, 72_9, 50_1, 102_2, 74_5, 93_2, 96_6, 16_14, 90_5, 8_7, 49_10, 92_4, 86_11, 21_5, 32_11, 44_6, 90_10, 74_9, 36_8, 75_5, 1_1, 49_2, 98_6, 60_3, 102_7, 85_11, 81_10, 101_6, 4_2, 79_10, 40_12, 8_16, 36_15, 61_8, 29_7, 102_8, 73_9, 74_4, 15_8, 50_7, 8_6, 96_8, 48_8, 99_8, 9_6, 45_4, 74_12, 40_7, 13_8, 97_5, 41_3, 64_11, 22_2, 20_13, 98_3, 21_9, 96_6, 90_11, 72_1, 68_6, 79_13, 96_9, 70_10, 72_4, 2_14, 53_10, 15_12"
POST/2,"94_8, 11_5, 17_7"
POSTEA,"97_8, 95_1"
POSTEAQVAM,19_4
POSTERIVS,32_1
POSTERVS,53_6
POSTHAC,"76_4, 47_6"
POSTVLO,"26_4, 67_7, 19_4, 36_10, 88_19, 27_4, 55_18, 88_4, 88_17, 101_3"
POTENTIA,"71_9, 72_7, 73_8"
POTESTAS,"29_4, 98_12, 98_12, 15_4"
POTIVS,"69_5, 5_12, 95_2"
PRAEBEO,"26_9, 78_6"
PRAECEPS/2,"60_5, 49_18"
PRAECIPITO,50_6
PRAECIPVE,2_2
PRAECLARVS,"31_7, 73_6, 30_6"
PRAEDICO/1,"25_9, 25_3"
PRAEDITVS,102_11
PRAEDIVM,"94_10, 16_12, 11_6, 16_11, 76_5"
PRAEPONO,58_5
PRAESCRIBO,"76_4, 46_10, 8_11"
PRAESENS,"31_4, 77_10, 20_3, 54_6"
PRAESENTIA/1,75_11
PRAESERTIM,"15_7, 5_4"
PRAESIDIVM,83_5
PRAESTITVO,8_14
PRAESTO/1,5_3
PRAESTO/2,"29_9, 87_3, 22_5"
PRAESVM/1,77_7
PRAETER/2,55_13
PRAETEREA,"86_11, 27_6, 24_11, 27_12"
PRAETEREO/1,"101_2, 60_11, 81_12, 98_1, 101_1"
PRAETERMITTO,"34_9, 11_8, 40_7"
PRAETOR,"49_12, 82_8, 84_9, 89_8, 56_2, 36_1, 80_12, 66_6, 82_3, 8_13, 36_7, 45_5, 35_12, 23_2, 85_8"
PRAETORIVS/2,34_4
PRECARIVS,"92_12, 92_7"
PRETIVM,"16_4, 72_8, 29_11"
PRIMVM,"69_1, 65_3, 90_8, 46_1, 85_3, 102_1, 96_4, 30_6, 21_8"
PRIMVS,"35_7, 97_7"
PRINCIPIVM,"44_6, 18_1, 89_3"
PRIVATVS,"82_6, 75_3, 41_8, 51_7"
PRIVSQVAM,100_13
PRO/1,"56_3, 79_4, 85_6"
PROBABILIS,71_4
PROBATOR,85_4
PROBO,"79_10, 97_3, 45_9, 55_11, 45_8, 61_6, 45_6, 53_5, 64_9, 67_4, 3_8, 10_10, 103_5, 78_10"
PROBVS,3_7
PROCVL,"46_5, 45_3"
PROCVRATOR,"63_9, 57_2, 57_8, 55_7, 58_6, 57_7, 58_6, 57_3"
PRODO,50_12
PROFECTO,"60_8, 9_12, 48_8, 70_7"
PROFERO,"71_10, 85_7, 100_2, 9_11, 71_2"
PROFICIO,36_12
PROFICISCOR,"98_4, 22_2, 98_5, 21_2"
PROFITEOR,"24_5, 5_2"
PROFVGIO,"100_17, 2_10"
PROHIBEO,"36_6, 89_7, 34_11, 46_7, 76_11, 36_10, 66_3, 39_4, 32_6, 36_7, 37_8, 87_4, 84_8, 35_8, 66_9"
PROLABOR/2,101_2
PROMITTO,"72_6, 16_5"
PROMPTVS/2,78_6
PRONVNTIO,"69_6, 79_6"
PROPE/2,"21_7, 82_5, 22_11, 21_9"
PROPINQVVS,"24_9, 14_7"
PROPONO,"55_3, 56_6"
PROPRIVS,51_3
PROPTER/2,"18_3, 94_5, 33_3, 44_5, 6_2"
PROPTEREA,"6_11, 5_2"
PROSVM/1,74_6
PROTERREO,"37_9, 31_11, 24_8, 47_4"
PRVDENS,"56_2, 78_8, 53_4, 22_8, 40_13"
PRVDENTIA,"78_3, 34_6, 37_12, 77_8, 86_5"
PVBLICVS/2,"74_5, 75_2, 29_3, 82_7"
PVBLIVS/N,"12_6, 27_8, 26_5, 23_1, 27_5, 24_9"
PVDENS,102_10
PVDOR,"77_10, 77_9, 104_2"
PVGNO,81_2
PVNIO,6_10
PVPILLVS,54_10
PVRVS,78_11
PVTO,"56_4, 46_11, 70_2, 65_6, 50_10, 50_6, 13_8, 21_5, 64_2, 17_2, 70_5, 96_1, 43_9, 9_3, 15_10, 17_14, 1_5, 18_5, 27_6, 32_9, 83_4"
QVA/1,"88_6, 26_7, 21_5, 54_3, 44_2, 22_1, 82_5, 71_10"
QVADRIENNIVM,19_10
QVAERO,"85_7, 38_9, 104_14, 58_11, 98_1, 49_3, 34_13, 6_5, 82_1, 83_3, 93_11, 33_1, 44_4, 32_3, 35_5, 51_5, 102_9, 97_8, 43_12, 58_8, 33_8, 8_16, 104_8, 91_5, 96_1, 14_6, 71_1"
QVAESO,"10_3, 86_4"
QVAESTIO,29_3
QVALIS/1,100_4
QVAM/1,"72_2, 63_10, 46_13, 103_7, 14_11, 55_10, 10_2, 75_2, 63_9, 33_5, 8_10, 77_12, 29_6, 63_7, 33_6, 27_10, 94_3, 8_9, 10_5, 47_9, 43_11, 70_8, 102_12, 63_8, 45_9, 23_9, 22_9, 101_3, 29_12, 64_3, 63_12, 27_8, 103_9, 18_2, 95_2, 1_4, 58_8, 5_13, 21_4, 63_11, 29_10, 74_11, 89_13, 85_1, 58_5, 42_9, 6_3, 69_6, 90_7, 62_1, 8_14, 8_3"
QVAMOBREM,"48_9, 65_5, 96_6"
QVAMQVAM/2,6_1
QVAMVIS/1,"45_3, 47_3"
QVANDOQVE/1,54_7
QVANTVM/3,"1_1, 56_5, 18_7"
QVANTVS/1,"28_11, 64_2"
QVAPROPTER/1,"104_1, 75_1, 78_1"
QVARE/1,"8_8, 58_1, 79_1, 70_9"
QVASI/1,"57_9, 100_11, 16_6, 61_6, 2_13, 17_4"
QVE,"57_12, 74_9, 65_14, 23_11, 32_3, 103_4, 14_10, 34_6, 102_10, 80_4, 18_4, 22_15, 17_7, 54_10, 56_2, 78_11, 1_8, 43_6, 73_6, 28_5, 35_8, 100_5, 65_9, 18_9, 5_7, 36_4, 19_8, 60_4, 103_3, 75_9, 65_14, 64_8, 2_9, 95_4, 30_3, 79_6, 17_4, 6_2, 69_12, 22_5, 60_3, 80_5, 2_11, 47_5, 72_8, 35_16, 36_6, 1_1, 103_5, 65_12, 100_10, 42_2, 22_13, 24_3, 48_6, 83_6, 76_3, 37_12, 33_13, 34_8, 63_5, 89_11, 78_6, 60_5, 13_5, 41_11, 64_3, 18_4, 33_7, 85_5, 32_5, 80_4, 15_3, 74_8, 5_3, 28_7, 31_4, 12_7, 32_6, 70_3, 76_2, 35_7, 64_13, 83_5, 64_9, 41_5, 101_8, 66_2"
QVEMADMODVM/1,"82_9, 22_15, 17_6, 46_11"
QVEMADMODVM/2,"102_9, 8_11, 36_8, 98_2, 49_2, 36_1"
QVEROR,"41_1, 95_7, 6_8"
QVI/1,"67_6, 59_15, 45_9, 90_4, 38_1, 18_4, 59_14, 66_10, 7_2, 55_13, 7_1, 15_5, 81_13, 36_15, 21_6, 55_11, 43_9, 81_6, 60_12, 23_12, 49_11, 51_5, 63_13, 104_8, 45_9, 5_8, 4_10, 88_11, 66_9, 99_7, 99_5, 87_9, 8_13, 16_12, 102_5, 53_11, 67_4, 27_12, 70_7, 16_5, 73_7, 39_11, 26_5, 49_17, 70_10, 93_3, 9_5, 30_9, 22_11, 72_4, 33_10, 19_10, 86_1, 58_7, 15_3, 79_9, 73_2, 75_8, 88_16, 60_13, 22_1, 77_10, 49_5, 16_9, 49_3, 74_3, 95_10, 44_8, 38_8, 76_4, 88_11, 88_8, 40_8, 60_9, 55_4, 14_8, 73_2, 43_8, 68_2, 11_7, 75_10, 89_10, 29_2, 102_5, 96_9, 63_11, 86_8, 17_1, 19_6, 68_1, 5_3, 68_8, 29_12, 4_3, 35_9, 57_8, 98_5, 102_14, 98_9, 29_10, 10_2, 5_1, 35_11, 21_7, 55_3, 16_7, 50_6, 74_6, 38_10, 8_12, 40_11, 88_17, 103_1, 20_7, 89_10, 91_3, 91_7, 86_7, 104_6, 59_7, 84_4, 32_12, 83_10, 50_4, 51_10, 53_5, 99_1, 98_1, 55_16, 5_6, 77_5, 32_2, 40_4, 20_6, 80_11, 63_2, 29_12, 93_5, 26_6, 80_14, 46_8, 60_9, 48_7, 100_10, 25_6, 27_9, 91_9, 88_2, 78_5, 5_9, 59_4, 48_5, 39_10, 12_3, 33_7, 83_9, 91_10, 43_2, 95_10, 36_2, 59_4, 76_10, 86_6, 3_11, 57_3, 70_3, 5_11, 90_4, 30_8, 24_15, 90_10, 53_9, 19_9, 42_8, 44_3, 65_7, 26_4, 22_7, 42_6, 3_9, 7_8, 88_2, 93_2, 79_3, 91_5, 78_10, 94_5, 31_11, 36_3, 58_10, 2_14, 11_9, 64_6, 42_3, 79_11, 63_3, 81_11, 52_8, 66_1, 57_11, 2_6, 39_2, 88_14, 73_4, 87_6, 97_11, 64_13, 100_16, 78_4, 28_5, 96_3, 19_7, 4_8, 83_8, 69_10, 42_2, 81_14, 6_11, 39_3, 49_15, 99_2, 57_7, 37_10, 60_11, 65_3, 78_2, 52_5, 61_5, 1_7, 88_17, 91_10, 40_7, 100_3, 99_4, 22_2, 46_13, 37_13, 74_11, 24_4, 87_11, 16_13, 79_5, 49_8, 3_7, 42_9, 64_11, 49_14, 54_9, 33_12, 14_1, 64_8, 46_13, 54_2, 7_10, 87_9, 5_7, 7_8, 88_8, 13_2, 80_5, 49_4, 1_5, 4_7, 69_2, 67_2, 6_6, 100_12, 3_6, 104_1, 83_9, 89_5, 101_7, 36_13, 98_12, 85_12, 73_10, 85_7, 32_4, 7_6, 92_8, 51_2, 9_2, 10_7, 58_2, 98_6, 68_8, 74_13, 78_6, 34_1, 43_7, 12_4, 98_9, 75_1, 85_11, 70_1, 53_11, 60_6, 65_10, 67_3, 17_3, 15_11, 79_8, 60_3, 72_5, 71_8, 22_12, 73_9, 46_6"
QVI/2,"49_5, 50_1, 7_6, 96_9"
QVIA,"8_4, 53_10, 11_8, 100_13, 59_12, 8_3, 100_6, 7_5, 80_9, 2_8, 67_5, 58_10"
QVICVMQVE/1,80_13
QVIDAM,"78_9, 11_6, 48_8, 57_9, 77_9"
QVIDEM,"62_7, 2_4, 59_6, 45_1, 72_9, 8_2, 53_7, 59_10, 51_3, 50_5, 73_3, 85_4, 47_7, 58_12, 92_6, 2_1, 29_13, 37_3, 102_1, 55_12, 37_7, 59_9"
QVIESCO,71_9
QVIN/1,"55_17, 31_3, 94_7, 55_15, 90_2, 51_1, 42_8, 16_8, 46_4"
QVINQVAGINTA,28_10
QVINTVS/N,"69_12, 53_4"
QVIPPE/1,55_10
QVIRITES/N,"96_9, 96_10"
QVIS/1,"20_3, 81_8, 73_7, 79_5, 95_10, 36_9, 83_2, 81_4, 30_9, 34_3, 4_2, 36_12, 51_7, 81_7, 15_9, 41_2, 31_2, 25_5, 51_7, 29_2, 50_5, 39_5, 80_12, 51_8, 81_8, 70_10, 34_3, 102_5, 104_16, 40_2, 74_1, 8_15, 73_3, 70_10, 24_11, 85_9, 8_16, 89_6, 58_11, 35_8, 24_9, 24_8, 58_4, 51_6, 40_3, 81_1, 49_13, 44_4, 30_6, 40_6, 89_8, 97_14, 55_10, 49_11, 60_4, 36_5, 56_4, 53_8, 8_16, 100_2, 60_2, 14_8, 31_11, 104_17, 24_10, 104_18, 104_17, 71_9, 37_14, 98_7, 74_6, 82_8, 53_8, 41_7, 89_5, 39_4, 51_6, 40_6, 19_8, 60_2, 9_2, 8_14, 85_7, 36_9, 15_10, 31_6, 44_5, 49_6, 35_10, 58_10, 51_5, 24_12, 35_11, 81_5, 81_5, 40_2, 35_10, 38_4, 85_8, 39_9, 98_6"
QVIS/2,"95_2, 87_3, 45_3, 13_4, 5_12, 37_13, 89_6, 61_2, 87_1, 7_8, 104_5, 34_9, 8_5, 104_1, 88_12, 89_4, 37_2, 86_10, 95_8, 34_10, 86_9, 17_12"
QVISNAM,80_8
QVISPIAM,"91_7, 69_5, 56_7, 7_11, 39_4, 37_10, 29_9"
QVISQVAM,"47_6, 37_7, 103_2, 79_10, 64_11, 73_10, 97_12, 101_9, 50_2, 102_13, 61_4, 51_4, 70_9, 49_13, 101_5, 33_5, 41_11, 90_9, 86_11, 72_7, 68_7, 29_12, 16_7, 33_5"
QVISQVE/2,"79_5, 81_8, 7_3, 58_10"
QVISQVIS/2,"57_1, 96_4, 78_11"
QVIVIS,"62_2, 57_11"
QVO/1,"2_16, 7_12, 2_12"
QVO/2,"86_10, 66_3, 82_1, 84_8, 84_8, 84_9"
QVO/5,"11_4, 58_9, 57_2, 58_6, 72_8, 101_4"
QVOAD/1,"20_12, 19_10"
QVOD/1,"43_1, 46_7, 102_7, 99_6, 6_3, 6_9, 2_5, 102_2, 77_5, 66_10, 17_2, 6_13, 21_9, 30_7, 5_5, 2_3, 77_8, 75_3, 62_9, 62_7, 5_3, 102_3, 62_8, 75_4, 97_5, 80_7, 23_10, 41_2, 18_2, 26_9, 90_9, 24_13, 58_7, 6_12, 24_14"
QVOMODO/1,"25_8, 71_10, 37_4"
QVONIAM,"6_6, 80_15, 2_7, 103_1, 15_4, 88_16, 35_1, 82_1"
QVOQVE,"15_3, 86_2, 13_5, 104_10, 2_10"
QVOT/1,"93_1, 28_8"
RAMVS,60_11
RATIO,"51_11, 102_8, 94_10, 40_9, 104_18, 15_6, 7_11, 101_8, 77_9, 10_2, 3_2, 66_11, 92_3, 96_5, 13_6, 58_3, 99_8, 90_8, 6_2, 2_7, 74_8, 101_3, 74_2, 57_6, 69_11, 93_9, 85_3, 80_4, 78_4, 17_2, 60_7, 9_1, 13_3, 56_1"
RECEDO/1,"79_13, 2_12, 46_5, 37_3, 58_12"
RECIPIO,100_17
RECITO/1,54_10
RECTVS,"16_1, 68_2, 68_4, 69_2, 55_9, 69_2"
RECVPERATOR,"103_1, 42_1, 24_5, 61_5, 6_1, 86_4, 14_2, 77_3, 71_7, 101_1, 24_2, 24_13, 75_7, 10_6, 90_1, 3_2, 94_2, 86_12, 23_6, 73_7, 34_5, 31_1, 8_6, 85_1"
RECVPERO,9_2
RECVSO,"81_10, 82_1"
REDDO,"28_7, 17_2"
REDEO/1,"51_7, 89_6, 35_6, 89_3"
REFERO,"17_4, 85_6, 84_7"
REFERT,74_1
REFORMIDO/2,84_1
REFVGIO,22_14
REGIA/N,14_4
REICIO,"24_8, 84_5, 88_13, 66_3, 38_11"
RELIGIO,"4_10, 5_13, 7_9, 28_4, 97_4, 98_8, 103_4"
RELIGIOSVS,26_10
RELINQVO,"74_14, 103_7, 42_6, 74_11, 74_2, 50_11, 9_3, 74_16, 73_11, 100_14, 51_11"
RELIQVVS,103_3
REMOTVS,11_8
REMOVEO,104_7
REOR,"96_2, 96_5, 74_17"
REPELLO,"76_7, 39_11, 48_4, 33_13"
REPENTE,36_5
REPERIO,"53_11, 100_8, 64_10, 6_11, 61_4, 61_7"
REPETO,9_8
REPREHENDO,"6_8, 9_7"
REPVGNO,47_7
REQVIRO,"5_5, 6_15"
RES,"4_6, 81_11, 63_13, 63_14, 87_6, 7_8, 37_11, 80_3, 85_11, 33_7, 92_3, 9_10, 20_3, 58_3, 5_4, 21_4, 10_11, 23_1, 7_3, 5_12, 54_9, 59_14, 26_9, 97_11, 53_8, 23_12, 58_7, 94_11, 81_13, 11_4, 33_2, 25_7, 49_16, 75_3, 51_5, 55_15, 40_5, 86_2, 90_3, 59_10, 36_1, 17_1, 7_10, 63_2, 74_17, 55_16, 89_11, 72_7, 67_6, 75_10, 11_8, 40_11, 33_9, 40_14, 9_4, 32_12, 85_12, 45_2, 8_3, 8_5, 6_14, 32_4, 7_2, 51_7, 58_11, 34_7, 40_7, 73_6, 1_5, 39_1, 96_4, 87_5, 22_8, 64_9, 50_10, 10_1, 96_7, 29_5, 8_15, 36_5, 85_7, 31_6, 79_8, 79_11, 27_7, 47_2, 65_13, 88_2, 52_7, 90_1, 43_8, 57_8, 5_1, 51_3, 83_4, 73_3, 102_2, 99_7, 63_14, 89_2, 32_2, 62_10, 51_10, 2_5, 32_2, 69_11, 57_4, 88_17, 97_8, 77_1"
RESCINDO,40_12
RESERVO,28_2
RESPONDEO,"68_7, 95_5, 48_2, 36_13, 95_7, 68_4, 86_1"
RESPVBLICA,"57_9, 95_7, 104_16"
RESPVO,56_3
RESTITVO,"76_8, 23_4, 88_3, 60_6, 88_15, 80_13, 88_8, 82_7, 63_4, 82_7, 80_16, 88_14, 87_8, 88_9, 89_12, 58_2, 88_6, 82_8, 39_10, 88_10, 58_8, 84_10, 35_11, 75_12, 88_18, 88_4, 89_9, 84_11, 89_12, 88_10, 92_8, 60_6, 76_6, 90_6, 55_10, 36_3, 36_2, 83_3, 88_19, 35_11, 23_4, 58_4, 35_3, 38_3, 59_11, 84_10, 82_4"
RETINEO,"74_13, 98_10, 96_8, 74_4, 73_6, 33_4, 2_8, 102_12, 75_3, 37_8, 63_16, 17_13, 70_8"
REVELLO,70_2
REVOCO,"76_3, 38_5, 84_3"
REVS,"29_7, 30_4"
RISVS,28_10
ROGATIO,100_2
ROGATVS,57_12
ROGO,"95_9, 95_9, 25_6"
ROMA/N,"15_2, 10_8, 19_6"
ROMANVS/A,"78_6, 98_8, 28_3, 76_1, 103_4, 78_3, 102_6"
RVMPO,72_5
RVTILIVS/N,27_5
SACRAMENTVM,"97_5, 97_8"
SAEPE,"42_5, 98_3, 42_4, 80_3, 41_10, 9_11, 34_5, 92_8, 43_5, 43_2"
SAEPIO,75_4
SALVM,88_15
SALVVS,20_13
SANCTVS,72_8
SANGVIS,47_8
SAPIENS/2,"18_8, 104_11, 8_10"
SATIS/2,"82_1, 81_11, 15_12, 53_8, 40_8, 15_12, 5_2, 87_6, 45_6, 56_5, 45_7, 92_6, 18_5, 92_4"
SAVCIATIO,43_12
SAVCIVS,"42_5, 41_7"
SAXVM,"64_4, 60_4, 60_9"
SCAEVOLA/N,"67_1, 69_10"
SCAVRVS/N,54_5
SCIENTIA,78_9
SCIO,"45_6, 97_15, 55_11, 101_6, 16_8, 73_3, 55_2, 71_5"
SCRIBO,51_11
SCRIPTOR,65_14
SCRIPTVM,"80_3, 65_13"
SCVTVM,"43_4, 64_8, 62_2, 64_12, 60_3"
SECVNDVM/2,90_2
SECVNDVS/1,23_7
SED,"52_9, 50_11, 86_2, 86_7, 88_15, 5_5, 24_5, 21_6, 69_11, 63_2, 66_7, 56_8, 34_7, 4_12, 59_6, 100_5, 58_7, 38_9, 70_2, 83_8, 101_5, 30_3, 82_4, 5_11, 68_3, 100_14, 35_15, 81_13, 38_12, 53_7, 47_7, 31_8, 86_5, 76_9, 5_9, 59_6, 73_9, 50_4, 87_4, 25_1, 51_2, 74_17, 28_6, 29_8, 31_9, 69_9, 59_12, 35_7, 88_11, 53_11, 14_9, 58_11, 70_6, 85_4, 12_4, 74_16, 43_5, 55_18, 2_5, 99_2, 100_9, 81_3, 6_14, 39_4, 96_1, 84_4, 57_4, 61_6, 60_7, 24_14, 88_6, 55_9, 49_10, 85_8, 44_3, 85_5, 42_2, 27_7"
SEDES,100_7
SEDVLITAS,14_10
SEIVNGO,"80_4, 78_5"
SEMEL,96_8
SEMPER,"80_4, 67_10, 103_6"
SEMVNCIA,17_9
SENATOR,28_3
SENATVS,51_6
SENTENTIA,"50_8, 63_16, 95_5, 77_1, 53_3, 83_2, 22_8, 86_2, 20_3, 57_4, 38_6, 81_8, 79_12, 81_13"
SENTIO,"78_12, 89_2, 77_12, 79_3"
SEQVOR,"71_6, 8_5, 59_2, 37_4, 8_4, 49_14, 65_13, 26_5"
SERMO,52_1
SERVIO,52_9
SERVITVS,99_4
SERVVLVS,"58_8, 58_9, 55_11, 52_4"
SERVVS/1,"24_10, 63_8, 58_12, 30_9, 37_4, 25_4, 96_2, 56_8, 27_2, 55_12, 20_8, 55_16, 56_7, 22_5, 57_6"
SEVERITAS,6_15
SEVERVS,54_8
SEXTVLA,"17_11, 17_13, 17_10, 19_2, 17_11"
SEXTVS/N,"27_9, 4_12, 1_3, 102_14"
SI/2,"93_10, 98_10, 48_2, 63_7, 90_5, 63_7, 63_14, 17_12, 41_9, 55_5, 58_6, 63_9, 82_3, 66_6, 70_4, 9_1, 37_7, 3_7, 74_6, 7_8, 90_6, 58_9, 69_4, 55_12, 64_3, 54_8, 89_4, 63_12, 10_1, 40_5, 35_5, 63_10, 2_7, 94_7, 54_5, 4_4, 38_7, 69_2, 37_13, 75_7, 65_7, 48_7, 29_7, 95_3, 13_4, 38_6, 40_5, 8_13, 5_12, 63_11, 1_1, 49_16, 91_12, 89_13, 60_7, 8_5, 102_7, 61_7, 8_11, 88_3, 98_11, 76_8, 46_5, 58_4, 49_14, 63_11, 74_4, 5_1, 87_2, 54_4, 58_1, 63_8, 91_8, 89_12, 34_9, 55_15, 68_1, 86_9, 52_4, 54_10, 46_1, 89_6, 31_9, 64_12, 91_3, 91_6, 43_1, 63_7, 96_1, 95_8, 38_1, 87_1, 37_2, 84_9, 74_3, 85_1, 3_6, 76_5, 84_7, 47_5, 63_5, 62_1, 99_6, 55_8, 80_8, 88_12, 96_6, 60_4, 92_11, 34_10, 96_8, 37_4, 75_10, 63_9, 20_12, 95_2, 99_8, 104_1, 53_9, 45_3, 65_10, 59_5, 91_5, 81_12, 31_6, 35_2, 46_3, 98_3, 69_6, 63_8, 12_2, 63_12, 61_1, 73_9, 86_10, 54_3, 61_5, 2_10, 49_6, 52_2, 43_3, 60_7, 55_13, 3_8, 64_4, 60_2, 80_10, 98_5, 58_8, 83_1, 46_8, 51_9, 104_5, 101_9, 58_12, 100_12, 69_7"
SIC,"85_2, 88_16, 46_12, 7_4, 100_2, 36_10, 6_1, 69_7, 87_1"
SICVT/1,"10_10, 28_8"
SIGNIFICO,88_2
SIGNVM,"104_4, 43_6"
SIMILIS,"102_14, 103_5, 6_7, 77_9"
SIMILITVDO,88_17
SIMPLEX,"88_9, 5_5"
SIMVL/1,"4_10, 6_5"
SIMVLAC/2,46_5
SIMVLO,14_10
SIN,"70_5, 47_7, 4_6, 69_3, 104_7, 68_4, 2_12, 84_1, 3_10, 76_6"
SINE,"47_8, 75_5, 91_6, 19_9, 23_3, 7_9, 74_13, 47_8, 92_2, 47_8, 93_2, 72_6, 15_11, 63_4, 41_11, 97_12, 64_8, 64_8"
SINGVLARIS,"50_10, 104_2"
SINO,64_1
SIVE/1,"82_6, 88_8, 88_8, 82_6, 88_9, 56_7, 56_7, 9_9, 87_7, 90_1, 56_8, 56_7, 3_12, 3_11, 90_2, 9_9, 87_7, 88_10"
SOCER,69_12
SOCIETAS,7_10
SOLEO,"65_8, 77_7, 59_13, 49_13, 65_8, 98_1, 71_3, 92_9, 30_9, 67_9"
SOLITVDO,13_2
SOLLICITVDO,74_15
SOLVM/1,100_7
SOLVM/2,"65_4, 59_11, 43_3, 5_8, 26_1, 75_3, 50_11, 78_9, 2_3, 35_13, 69_11, 86_2, 76_9, 24_5"
SOLVO,"17_1, 98_8"
SOLVS,"30_9, 55_8, 71_9, 62_2, 42_2, 37_8, 30_5"
SOLVTIO,11_3
SPATIVM,6_5
SPECTATVS,"104_3, 102_9"
SPECTO,"85_9, 85_11, 81_7, 90_2"
SPERO,4_8
SPES,3_4
SPLENDOR,28_3
SPONDEO,7_8
SPONS,59_3
SPONSIO,"23_5, 91_11, 80_16, 92_11, 91_8, 45_4, 93_6, 23_4, 80_7"
STATIM,"45_3, 31_10, 46_3"
STATVO,"69_7, 49_17, 46_8, 72_4, 39_1, 68_8, 77_3, 34_8, 47_9, 42_7, 69_6, 104_16, 68_2, 46_8, 47_5"
STATVS/1,42_4
STIPVLATIO,51_8
STVLTITIA,"18_9, 23_9, 40_13, 50_9, 102_14, 30_11"
STVLTVS,"68_4, 23_8, 40_6, 14_4"
SVADEO,15_3
SVBEO/1,100_12
SVBITO,"30_8, 88_12"
SVBLEVO/1,"23_11, 23_9"
SVBORNO,71_3
SVBTERFVGIO,100_6
SVBTILIS,57_4
SVFFERO,98_5
SVI/1,"86_9, 23_4, 13_3, 73_11, 2_12, 104_9, 25_4, 92_8, 20_11, 49_5, 46_2, 65_6, 56_6, 16_6, 7_8, 103_5, 19_8, 19_8, 13_6, 92_11, 17_3, 99_6, 29_5, 8_12, 45_9, 92_9, 91_7, 88_15, 22_6, 46_10, 6_5, 15_9, 95_4, 24_9, 92_5, 36_14, 104_9, 25_3, 17_3, 26_9, 17_13, 27_2, 16_14, 80_15, 38_10, 26_6, 19_5, 44_2, 22_14, 50_6, 92_6, 25_8, 4_9, 4_7, 25_1, 80_5, 104_7"
SVM/1,"23_10, 89_10, 100_4, 51_2, 70_10, 10_3, 2_2, 97_11, 45_6, 81_11, 66_1, 27_2, 3_8, 59_13, 64_9, 46_6, 80_16, 79_11, 2_8, 52_4, 87_12, 19_12, 7_6, 99_2, 48_8, 27_9, 96_3, 95_12, 31_5, 62_5, 55_10, 38_4, 26_2, 18_2, 8_3, 57_9, 30_5, 52_8, 46_13, 19_2, 7_1, 81_7, 65_14, 94_2, 29_4, 37_13, 88_9, 21_6, 72_6, 5_11, 28_10, 74_3, 35_8, 95_12, 85_4, 22_5, 36_11, 6_13, 34_6, 95_10, 33_6, 96_3, 34_3, 16_7, 40_10, 73_10, 70_9, 58_13, 7_7, 83_5, 62_6, 64_2, 90_1, 61_2, 70_4, 37_5, 102_6, 5_1, 55_6, 15_4, 4_11, 5_9, 64_4, 35_2, 96_9, 95_9, 104_6, 96_5, 54_4, 102_5, 49_4, 15_6, 100_17, 81_2, 30_9, 57_1, 40_9, 45_7, 81_6, 99_3, 5_4, 51_4, 63_6, 62_5, 54_3, 49_15, 19_9, 88_18, 58_9, 76_8, 23_6, 33_9, 102_5, 18_5, 34_2, 60_8, 64_7, 27_11, 104_1, 35_4, 25_3, 55_15, 92_4, 45_6, 61_6, 47_6, 57_2, 10_6, 56_5, 104_2, 94_11, 62_4, 29_5, 33_7, 33_8, 7_12, 78_7, 31_10, 19_7, 2_5, 59_8, 2_12, 57_10, 99_4, 60_4, 3_6, 77_4, 47_10, 86_5, 104_8, 66_4, 48_5, 104_16, 69_10, 8_15, 100_15, 7_12, 52_6, 42_2, 100_7, 12_2, 29_9, 33_1, 51_1, 19_8, 23_5, 51_1, 42_8, 60_10, 8_1, 49_6, 66_2, 12_3, 30_5, 24_11, 23_2, 9_2, 99_5, 53_7, 83_3, 62_9, 5_4, 15_11, 86_8, 104_15, 31_2, 74_15, 74_3, 14_6, 70_8, 38_1, 70_11, 79_2, 81_6, 57_5, 7_3, 41_3, 49_6, 71_7, 58_6, 58_4, 37_11, 97_14, 78_10, 60_13, 70_7, 15_6, 8_11, 80_14, 90_10, 92_6, 87_3, 16_12, 100_5, 33_7, 90_7, 5_11, 73_7, 59_7, 94_7, 17_11, 5_6, 94_7, 69_4, 11_4, 39_1, 54_9, 40_12, 47_4, 18_8, 54_1, 1_5, 91_11, 80_7, 69_2, 11_8, 64_11, 60_10, 12_2, 103_5, 49_16, 95_10, 104_14, 37_14, 8_10, 59_15, 21_3, 76_8, 6_11, 24_15, 37_13, 63_7, 41_6, 96_2, 11_8, 24_2, 69_3, 7_5, 61_7, 19_10, 86_9, 80_13, 64_13, 84_6, 60_11, 64_8, 94_8, 5_2, 76_7, 55_17, 82_10, 98_9, 86_6, 7_4, 96_10, 61_7, 54_6, 68_8, 64_4, 70_10, 3_8, 4_11, 45_1, 18_1, 61_3, 38_2, 62_10, 70_5, 84_5, 47_5, 100_3, 43_2, 31_7, 8_16, 49_11, 32_6, 98_9, 37_7, 75_4, 31_12, 22_2, 2_7, 91_12, 24_12, 98_5, 69_1, 83_2, 35_3, 15_2, 62_3, 5_12, 17_5, 41_10, 97_6, 84_8, 87_10, 45_5, 91_11, 89_13, 55_3, 87_7, 2_9, 12_6, 50_2, 69_7, 53_5, 82_4, 5_7, 20_12, 93_8, 43_13, 60_5, 42_8, 75_8, 72_3, 66_3, 74_4, 46_4, 49_3, 73_2, 41_6, 91_7, 100_10, 34_8, 83_10, 72_5, 63_15, 88_11, 26_8, 92_4, 82_3, 38_9, 84_10, 88_18, 6_11, 30_6, 74_13, 71_6, 53_7, 64_6, 4_5, 89_9, 101_6, 103_9, 7_2, 49_8, 69_5, 88_6, 53_11, 71_2, 70_10, 64_13, 69_6, 74_11, 38_1, 42_8, 90_8, 88_5, 48_6, 90_5, 40_5, 97_10, 29_11, 75_9, 13_1, 4_6, 8_12, 9_8, 59_5, 58_2, 46_9, 89_6, 59_6, 35_5, 84_8, 82_4, 90_6, 82_7, 72_3, 80_13, 38_7, 79_6, 40_11, 80_15, 63_3, 54_10, 73_10, 85_10, 59_4, 77_11, 7_3, 23_4, 63_6, 16_6, 37_10, 53_8, 104_11, 50_6, 66_4, 82_6, 55_14, 4_8, 80_6, 93_10, 35_4, 84_7, 4_8, 64_13, 32_4, 9_6, 96_7, 59_14, 64_7, 80_9, 50_8, 66_5, 76_11, 74_8, 41_9, 72_5, 83_10, 80_14, 102_15, 98_4, 76_10, 31_8, 49_11, 12_9, 88_18, 17_4, 59_9, 83_10, 62_10, 88_13, 82_6, 37_6, 83_8, 100_9, 82_2, 51_5, 88_14, 50_4, 40_4, 69_3, 3_4, 18_1, 78_8, 81_9, 76_10, 101_2, 83_9, 93_11, 42_9, 5_10, 2_4, 4_11, 79_11, 44_10, 100_17, 80_4, 89_12, 85_10, 99_1, 41_3, 31_11, 49_6, 26_5, 86_3, 82_8, 98_9, 85_8, 10_7, 43_6, 79_10, 66_3"
SVMO,"23_13, 20_5, 74_18"
SVPERO,"59_9, 1_8"
SVPERVS,"50_7, 6_3, 102_10, 50_9, 2_13, 102_11, 10_4, 5_10, 102_10, 30_11, 10_9, 30_11, 2_8, 17_10, 65_8, 50_2"
SVPPLICIVM,"100_5, 100_5"
SVPRA/2,14_8
SVSCIPIO,"13_5, 98_12"
SVSPICIO/1,43_3
SVSPICOR,16_14
SVVM,70_10
SVVS,"36_6, 26_7, 10_11, 98_7, 97_12, 22_5, 78_5, 27_2, 12_3, 19_2, 11_10, 28_9, 26_5, 19_8, 69_12, 59_3, 38_10, 51_3, 103_1, 10_7, 28_6, 13_4, 77_9, 98_12, 60_12, 98_4"
SYLLA/N,"95_6, 95_8, 101_7, 97_10, 102_3"
TABVLA,"71_7, 17_3, 71_3, 17_2, 72_4, 16_2, 71_6"
TACEO,"25_8, 36_1"
TACITVS,53_9
TALIS,"38_7, 77_12"
TAM,"49_8, 23_8, 21_3, 20_2, 27_8, 62_5, 58_8, 49_9, 36_9, 33_6, 89_12, 6_2, 72_2, 54_8, 23_7, 61_3, 58_4, 33_5, 61_3, 70_8, 37_12, 37_12"
TAMEN,"94_3, 104_15, 59_14, 2_5, 22_8, 8_9, 42_6, 41_1, 104_13, 71_6, 102_8, 65_4, 22_11, 67_4, 63_16, 20_13, 93_11, 92_10, 91_11, 22_1, 101_2, 58_13"
TAMETSI,"2_4, 94_2, 65_3, 63_15, 101_1, 67_3"
TAMQVAM/1,61_5
TANDEM,"48_2, 15_9"
TANGO,"49_11, 37_6, 50_4"
TANTISPER,30_3
TANTVLVM/2,58_12
TANTVM/2,"56_5, 34_12, 23_3, 1_2, 18_6"
TANTVMMODO,30_7
TANTVS,"78_10, 34_6, 36_1, 5_12, 51_1, 40_7, 40_13, 34_7, 38_11"
TARDO,77_10
TARDVS,"7_12, 9_10, 7_5"
TARQVINIENSIS/A,"11_2, 10_7"
TECTVM,"36_6, 35_7"
TEGO,"83_8, 60_12"
TELESINVS/N,87_10
TELVM,"31_4, 60_3, 22_13, 47_4, 43_5"
TEMERARIVS,34_2
TEMERE,"21_2, 21_3"
TEMPESTAS,88_12
TEMPVS/1,"32_5, 19_10, 12_5, 75_10, 104_16, 13_5, 11_3, 95_6, 67_6, 5_8, 4_7, 22_14"
TENDICVLA,65_11
TENEO,"41_2, 4_6, 67_2, 32_10, 74_5"
TENVIS,"43_2, 34_8"
TERENTIANVS/A,27_11
TERENTIVS/N,25_1
TERMINO,22_12
TERRA,60_9
TERROR,"33_13, 43_11, 41_5, 19_5, 41_11, 24_6"
TERTIVS,23_8
TESTAMENTVM,"74_12, 10_11, 72_5, 19_12, 11_9, 51_8, 54_10, 17_8"
TESTIFICOR,45_4
TESTIMONIVM,"26_9, 94_11, 23_13, 52_8, 27_6, 16_5, 24_4, 23_13"
TESTIS/1,"31_1, 71_8, 27_6, 3_12, 24_9, 25_1, 44_1, 71_3, 3_5, 30_8, 26_4, 4_6, 26_4, 30_4, 22_16, 30_1, 73_2, 26_8, 71_6, 28_2, 30_3, 24_3, 24_12, 72_3"
TESTOR,83_7
TIMIDVS,"18_4, 8_9, 77_8"
TOGATVS,43_10
TOLLO,"70_9, 60_9, 5_8, 9_12, 102_4"
TOT,78_5
TOTVS,"85_1, 65_1, 36_2, 104_3"
TRADO,"14_7, 96_7"
TRIBVO,104_2
TV,"36_9, 38_11, 89_11, 35_5, 66_8, 66_5, 95_2, 37_4, 64_2, 36_13, 37_8, 81_9, 102_13, 66_1, 56_7, 85_10, 87_8, 67_6, 66_1, 35_13, 36_13, 95_7, 32_12, 98_2, 38_3, 38_2, 76_4, 81_2, 30_10, 89_9, 62_1, 90_8, 55_7, 89_12, 95_5, 84_7, 65_5, 84_5, 67_4, 31_10, 55_14, 48_1, 41_8, 78_11, 37_5, 48_2, 82_2, 54_7, 96_2, 89_4, 55_10, 65_2, 49_8, 67_3, 89_7, 36_2, 48_8, 48_3, 60_6, 82_7, 35_9, 85_11, 36_14, 93_9, 96_1, 24_8"
TVI,"56_7, 37_7"
TVM,"89_2, 90_10, 65_10, 65_10, 94_8, 65_11, 90_4, 83_2, 3_5, 101_7, 35_3, 2_15, 67_7, 39_7, 16_7, 100_16, 61_2, 62_6, 92_6, 80_12, 3_3, 4_7, 1_4, 2_3, 27_3, 65_5"
TVRBVLENTVS,34_2
TVRPIS,"7_4, 8_2, 40_13, 8_4, 8_2, 8_4"
TVSCVLANVM/N,54_6
TVTELA,7_10
TVTOR/1,72_6
TVTVS,44_3
TVVS,"57_12, 35_7, 63_8, 63_9, 74_3, 57_7, 35_6, 58_12, 90_5, 58_4, 89_12, 36_2, 63_8, 55_8, 84_6, 58_5, 57_12, 37_13, 84_6, 82_9, 44_1, 37_9, 32_10, 82_10, 66_4, 66_2, 37_4, 8_7, 63_7, 64_1, 96_2, 89_7, 89_4, 58_14, 57_10, 62_8, 65_1, 34_13, 55_8, 63_7"
VALEO,"59_15, 55_12, 66_7, 61_6, 1_2, 81_14, 77_2, 78_2, 67_10, 40_5, 53_9, 60_7, 45_9, 62_1, 45_8, 80_4, 89_11"
VARIVS,69_4
VBI/1,"66_8, 35_4, 86_9, 76_11, 41_3, 44_10, 41_3, 13_9, 41_4, 90_10, 41_5, 59_12"
VE,"65_10, 57_9, 60_1, 91_6, 98_7, 8_6, 65_10, 92_2"
VEHEMENS,"43_8, 6_13, 28_5"
VEHEMENTER,97_6
VEL/1,"34_9, 9_6, 92_10, 9_5"
VENDO,"99_1, 98_7, 98_11, 99_4, 11_2"
VENEO,"16_13, 19_10"
VENIO,"81_9, 40_15, 76_7, 70_7, 32_5, 24_10, 26_3, 15_10, 20_6, 6_7, 3_3, 20_10, 55_1, 94_10, 104_12, 2_4, 15_4, 45_2, 28_5, 24_3, 63_1, 66_9, 33_13, 74_10, 86_10, 53_2, 48_6, 80_11, 29_2, 83_9, 18_6, 3_3, 64_1, 20_4, 82_1, 98_2"
VERBVM,"62_1, 53_8, 83_4, 87_6, 89_11, 50_10, 51_9, 67_5, 52_5, 59_14, 53_10, 104_9, 81_2, 90_2, 54_9, 58_11, 7_8, 77_2, 37_2, 81_8, 51_1, 55_15, 84_2, 55_17, 86_2, 52_9, 81_12, 49_12, 58_4, 52_8, 40_8, 57_4, 87_8, 59_9, 49_16, 58_10, 49_9, 79_13, 37_3, 85_8, 51_4, 60_7, 79_12, 80_7, 63_1, 88_16, 66_8, 89_1, 54_4, 21_4, 63_15, 49_14, 80_3, 66_11, 51_5, 38_9, 65_7, 32_1, 79_6, 52_2, 65_11, 52_4, 104_10, 63_2, 81_9, 88_2, 81_4, 85_11, 54_8, 53_10, 66_1, 55_5, 54_6"
VERE,"50_7, 60_3"
VERECVNDVS,72_2
VEREOR,"4_3, 103_8, 77_12, 38_2"
VERO/3,"50_1, 56_5, 50_3, 56_1, 34_4, 31_7, 45_6, 45_1, 2_14, 97_10, 28_1, 16_6, 48_1, 85_10, 51_4, 64_12, 9_2, 35_4, 46_5, 93_3, 6_8, 55_12, 90_1, 66_1, 3_5"
VERSOR,"50_10, 13_5, 83_5"
VERSVTVS,"55_6, 85_1, 65_12"
VERTO,100_7
VERVM/1,"31_3, 71_2"
VERVM/4,"101_3, 75_4, 63_1, 41_12, 39_9, 1_4, 21_3, 61_1, 55_2, 37_5, 92_9, 78_9, 58_10, 36_11, 9_9, 35_14, 59_7, 85_10, 26_2"
VERVMTAMEN,"40_12, 9_1, 79_4, 4_1, 86_1, 30_1"
VERVS,81_7
VESTER,"86_5, 27_12, 79_5, 4_2, 73_1, 5_13, 103_4, 101_3, 75_3, 9_1, 76_3"
VESTIBVLVM,"89_13, 35_8"
VESTIGIVM,"76_11, 39_7, 83_8"
VETERATOR,30_6
VETILIVS/N,24_9
VETO,"36_3, 95_10"
VETVS,"45_1, 101_8"
VIA,"82_6, 54_4, 44_3, 26_6, 54_3"
VICARIVS/2,57_10
VICINVS/2,"63_9, 82_5, 57_11"
VIDELICET,"44_6, 52_6, 55_13"
VIDEO,"5_10, 10_1, 4_3, 8_14, 4_12, 39_6, 43_7, 93_5, 85_2, 48_2, 73_2, 25_7, 65_2, 64_9, 84_5, 33_8, 20_13, 77_4, 62_6, 22_9, 67_5, 19_5, 49_7, 43_10, 29_11, 9_7, 38_13, 6_9, 86_4, 104_11, 31_12, 71_6, 72_8, 8_9, 67_9, 32_1, 4_2, 38_8, 6_3, 22_10, 31_5, 28_7, 5_10, 8_2, 21_2, 40_1, 88_1, 24_5, 78_8, 103_8, 81_5, 30_6, 10_5, 2_2, 46_8, 47_3, 78_10, 93_1, 44_4, 31_7, 64_10, 59_14"
VIDVA,14_3
VIDVITAS,13_2
VIGINTI,54_11
VILLICVS/1,"63_7, 55_8"
VINCO,"92_10, 60_8, 38_2, 60_13, 91_7"
VINCVLVM,"70_2, 100_10"
VINDICO,"66_6, 7_4, 8_5"
VIR,"17_10, 77_7, 38_7, 33_13, 3_9, 18_8, 19_12, 14_7, 14_4, 16_6, 6_7, 12_1, 78_7, 73_4, 77_12, 71_4"
VIRTVS,"77_8, 104_4, 102_10, 104_2"
VIS,"88_5, 48_8, 75_8, 92_4, 59_10, 6_15, 48_1, 76_10, 36_10, 27_11, 9_3, 44_5, 47_2, 85_10, 41_9, 64_7, 47_7, 42_2, 89_4, 47_3, 43_2, 2_7, 23_11, 76_8, 39_8, 83_10, 43_7, 32_6, 49_17, 45_2, 63_15, 93_2, 47_4, 45_5, 59_7, 39_5, 92_3, 75_8, 61_7, 104_9, 1_4, 49_2, 58_2, 44_10, 80_10, 83_7, 91_2, 45_6, 88_16, 23_2, 46_4, 85_9, 63_3, 31_6, 41_6, 32_7, 33_5, 92_9, 5_9, 58_2, 22_3, 45_9, 104_17, 92_7, 38_7, 92_11, 43_11, 31_5, 46_6, 57_11, 63_13, 100_12, 42_8, 48_5, 46_9, 2_14, 45_8, 58_4, 44_4, 27_7, 56_2, 86_7, 1_7, 4_5, 63_11, 36_3, 104_8, 41_2, 37_9"
VITA,"63_3, 70_3, 47_9, 14_2, 61_7, 42_2, 100_13"
VITO,100_10
VITVPERO/2,"70_4, 69_4"
VIVO,19_10
VIVVS/2,"10_10, 97_10, 46_8"
VLLVS,"59_10, 7_9, 38_6, 81_11, 19_9, 51_3, 64_12, 63_4, 40_11, 23_3, 32_11, 100_9"
VMQVAM,36_11
VNA,11_11
VNDE/1,"80_12, 55_7, 88_18, 89_11, 88_4, 82_4, 88_7, 91_2, 80_14, 87_9, 80_11, 23_3, 88_2, 87_8, 89_9, 84_9, 49_5, 87_11, 36_12, 87_11, 36_10, 87_10, 87_10, 66_2"
VNIVERSVS,58_9
VNVS,"62_10, 66_8, 59_5, 87_5, 86_9, 5_1, 55_17, 63_12, 88_2, 59_15, 58_8, 70_11, 87_7, 75_5, 47_4, 29_7, 58_9, 40_4, 55_11, 38_12, 56_9, 57_6, 62_5, 62_10, 59_16, 34_8, 7_8, 62_2"
VNVSQVISQVE,"52_7, 74_10"
VOCABVLVM,51_4
VOCIFEROR,"83_6, 65_12"
VOCO,"22_6, 82_1, 65_11, 12_9, 81_9"
VOLATERRANI/N,18_3
VOLO/3,"95_4, 100_12, 101_7, 80_8, 99_9, 60_2, 40_3, 77_13, 100_6, 63_4, 47_7, 63_6, 17_12, 59_11, 8_14, 101_7, 55_6, 48_9, 29_6, 37_4, 98_5, 54_3, 80_11, 32_12, 48_7, 54_5, 25_7, 94_4, 90_2, 48_4, 49_14, 100_2, 85_11, 103_6, 51_10, 21_9, 85_1, 93_3, 49_16, 18_7, 32_12"
VOLVNTARIVS,"14_9, 63_10"
VOLVNTAS,"98_4, 65_14, 53_9, 56_2, 50_8, 56_6, 66_7, 53_12"
VOS,"97_15, 77_12, 39_1, 40_14, 46_4, 9_9, 79_9, 79_3, 55_1, 4_9, 34_5, 31_5, 9_12, 23_5, 70_7, 52_7, 9_11, 40_3, 101_4, 103_5, 5_13, 102_2, 85_1, 54_11, 104_16, 73_6, 38_10, 6_1, 77_4, 79_8, 15_10, 103_5, 6_7, 77_13, 9_11, 5_12, 31_7, 34_5, 77_3, 79_4, 46_8"
VOX,"22_10, 77_4, 92_8, 22_6, 60_7, 76_8"
VRBS,"87_11, 88_16, 87_10, 28_9"
VSITATVS,"45_2, 2_5"
VSQVE,"5_7, 46_14"
VSVCAPIO/1,74_14
VSVS,"19_11, 11_10, 54_1"
VSVSFRVCTVS,94_5
VT/4,"56_6, 95_6, 104_6, 94_3, 58_11, 45_3, 4_11, 17_7, 34_9, 44_3, 13_3, 68_7, 18_7, 74_13, 25_4, 32_5, 68_6, 88_3, 78_7, 27_5, 51_7, 27_4, 23_6, 11_11, 88_13, 97_11, 69_9, 18_6, 23_7, 28_7, 69_9, 51_3, 5_11, 30_10, 90_1, 59_7, 71_5, 11_4, 61_7, 33_7, 88_19, 10_3, 89_9, 24_13, 45_6, 34_6, 88_4, 93_5, 23_3, 86_3, 28_5, 30_2, 24_4, 15_9, 26_4, 87_6, 88_17, 99_3, 46_10, 23_8, 102_3, 40_14, 31_9, 52_4, 39_5, 46_1, 103_6, 98_1, 39_10, 88_14, 78_11, 42_7, 32_9, 35_9, 84_1, 98_8, 62_1, 38_11, 92_7, 78_8, 101_5, 95_11, 104_19, 8_9, 74_11, 13_8, 80_12, 54_9, 22_6, 69_7, 37_5, 21_3, 88_11, 18_8, 23_2, 15_2, 100_8, 100_1, 65_8, 7_3, 98_10, 102_12, 9_5, 79_7, 55_9"
VTER/4,77_4
VTERQVE,"86_11, 96_7, 87_6, 89_11, 20_5, 64_9, 104_4, 87_9"
VTILIS,"77_4, 81_7"
VTILITAS,"70_3, 49_10, 50_11, 55_5"
VTOR,"37_3, 11_3, 64_3, 53_10, 89_8, 32_12, 38_1, 97_14, 8_14, 69_13, 24_3, 93_2, 37_10, 80_2, 40_5, 54_2, 54_8, 23_13, 89_5, 49_13, 16_6, 52_6"
VTRVM,"93_7, 37_9, 69_2, 29_9, 64_6, 48_2, 69_3, 31_1, 39_6, 104_12, 57_7"
VVLGO/2,67_7
VVLNERATIO,47_8
VVLNERO,42_9
VVLNVS,"41_12, 43_11"
VXOR,"12_7, 11_3, 11_6"
