word_id,TITLE,"Seneca, De Tranquillitate Animi"
1,AB,"2_7, 2_13, 3_2, 4_6, 5_5, 7_2, 7_3, 8_9, 9_2, 9_2, 9_2, 10_6, 11_3, 11_7, 11_9, 12_1, 12_6, 14_2, 14_2, 17_4, 17_7, 17_8, 17_11"
565,ABDVCO,1_10
566,ABEO/1,"8_7, 14_4"
568,ABICIO,15_1
572,ABSCONDO,"3_3, 5_4"
1484,ABSTERGEO,16_4
1488,ABSTINEO,6_2
1490,ABSTRAHO,2_11
574,AC/1,"1_5, 2_6, 2_7, 3_3, 5_3, 5_5, 11_10, 11_12, 15_4, 16_1, 17_1, 17_4, 17_4, 17_8"
577,ACCEDO/1,"1_3, 1_10, 6_4, 11_7"
1514,ACCENDO,"1_7, 11_12"
1522,ACCIDO/1,"1_4, 2_7, 11_8, 13_3"
578,ACCIPIO,"14_5, 15_5"
1551,ACER/2,17_5
1554,ACERBVS,10_4
584,ACHILLES/N,2_12
4,ACIES,"1_9, 3_5"
1741,ACQVIRO,8_3
1609,ACTIO,"3_1, 3_2, 4_8, 13_1"
1612,ACTOR,6_3
1617,ACTVOSVS,4_8
1619,ACTVS/1,6_4
1621,ACVLEVS,1_12
1623,ACVO,10_6
5,AD/2,"1_3, 1_3, 1_4, 1_4, 1_8, 1_10, 1_11, 1_11, 1_14, 1_16, 2_3, 2_4, 2_5, 2_6, 2_7, 2_9, 2_9, 2_9, 2_11, 2_13, 2_15, 2_15, 3_1, 3_3, 3_6, 3_6, 5_3, 6_2, 6_2, 7_1, 7_2, 7_2, 7_2, 8_1, 8_9, 9_2, 10_6, 11_1, 11_1, 11_6, 11_6, 11_7, 11_8, 11_8, 11_9, 11_12, 11_12, 12_4, 12_4, 12_4, 12_6, 13_1, 13_3, 14_3, 14_6, 14_10, 16_3, 16_4, 17_4, 17_4, 17_6, 17_7, 17_8"
1644,ADAPERIO,4_7
594,ADDVCO,"10_2, 16_1"
596,ADEO/1,"3_4, 17_2"
595,ADEO/2,15_6
1673,ADHIBEO,"9_2, 9_3, 10_4, 17_2"
1674,ADHORTATIO,4_5
1680,ADICIO,"2_6, 2_6, 15_3"
1686,ADIPISCOR,12_1
1706,ADMINISTRO,"3_1, 4_5"
1709,ADMIRATIO,14_4
1718,ADMOVEO,"2_1, 6_4, 17_2"
1786,ADVERSVM,14_2
612,ADVERSVS/1,"10_2, 11_12"
1787,ADVERSVS/2,"1_9, 3_1"
1759,ADVLATIO,1_16
1792,ADVOCATIO,4_3
1794,ADVOCO,9_1
1806,AEDIFICIVM,"3_7, 11_7"
1827,AEGER/2,"2_10, 2_12, 7_4"
1834,AEGRE,10_1
28142,AEGROTATIO,8_1
1840,AEGROTO,1_2
625,AEQVALIS/2,"2_4, 17_4"
1873,AEQVE,"7_3, 10_5, 10_6"
627,AEQVVS,"9_2, 10_4"
630,AERVMNA,"8_1, 10_2"
633,AESTIMO,"1_11, 6_2, 6_3, 17_1"
634,AETAS,"3_8, 7_5"
1916,AETERNITAS,14_10
635,AETERNVS,"15_5, 16_4"
1949,AFFECTVS/1,"2_1, 2_10, 15_3, 17_3"
641,AFFERO,"1_3, 1_17, 11_6"
642,AFFLATVS,7_4
643,AFFLIGO,5_3
1665,AFFLVO,3_6
644,AFRICA/N,11_12
1975,AGEDVM,8_5
649,AGER,17_5
1667,AGGREDIOR,"6_1, 6_3"
1988,AGILIS,2_11
1994,AGITO,12_5
1995,AGMEN,"1_8, 5_3, 14_7"
650,AGNOSCO,2_5
12,AGO,"1_11, 1_13, 2_3, 2_9, 2_10, 2_10, 2_15, 3_3, 3_7, 4_2, 4_3, 7_2, 8_7, 9_2, 11_3, 12_2, 12_2, 12_3, 12_3, 12_3, 13_1, 13_1, 13_2, 14_4, 14_5, 15_1, 15_2, 16_1"
653,AIO,"2_14, 3_1, 5_5, 7_2, 8_3, 9_5, 11_4, 11_8"
2077,ALEXANDRIA/N,9_5
2088,ALIAS,7_5
2091,ALICVBI,"2_2, 2_2, 2_2"
2100,ALIENVM,"1_11, 14_2"
2101,ALIENVS/2,"1_3, 1_16, 2_10, 2_11, 7_2, 8_5, 10_3, 11_8, 11_9, 12_2, 15_5, 15_5, 15_6"
2103,ALIMENTVM,17_8
659,ALIQVANDO,"4_1, 11_7, 17_8, 17_9, 17_10"
660,ALIQVIS,"1_8, 1_11, 1_11, 1_12, 1_13, 2_3, 2_13, 4_2, 10_1, 10_6, 10_6, 12_2, 12_2, 12_2, 12_2, 12_4, 12_5, 12_5, 13_3, 14_1, 14_6, 14_10, 15_3, 15_5, 16_3, 17_6, 17_7, 17_10, 17_11"
2116,ALIQVO,"12_5, 12_5"
662,ALITER,"2_6, 2_12, 5_5, 17_1"
663,ALIVS,"2_12, 2_12, 2_14, 2_14, 3_3, 3_6, 3_7, 3_7, 3_8, 3_8, 3_8, 3_8, 3_8, 4_5, 5_3, 6_2, 6_2, 6_2, 8_1, 8_4, 9_5, 10_3, 10_3, 10_3, 10_3, 10_6, 11_3, 11_8, 12_4"
2136,ALLIDO,5_4
603,ALLIGO/2,"2_5, 5_4, 10_3, 10_3"
1698,ALLVDO,10_5
664,ALO,2_10
2166,ALTE,"1_3, 1_14, 10_5"
14,ALTER,"1_12, 1_12, 11_12, 11_12, 17_3, 17_3"
2168,ALTERCOR,14_4
2170,ALTERNO,17_3
15,ALTVS,1_9
2227,AMBITIO,"1_5, 3_2, 15_1"
2228,AMBITIOSVS,1_14
2235,AMBVLATIO,17_8
2236,AMBVLO,11_1
672,AMICITIA,"3_6, 7_3"
2259,AMICVS/1,"1_10, 4_3, 7_2, 7_4, 14_8, 14_9"
674,AMITTO,"4_3, 8_3, 14_8"
19,AMO,1_11
20,AMOENVS,2_13
21,AMOR,"1_3, 1_5"
679,AN,"3_4, 7_1, 7_1, 7_2, 8_5, 8_5, 14_3, 14_5, 14_5, 14_8, 14_9, 17_2, 17_6"
2325,ANCEPS/2,10_6
2353,ANGO,8_1
2364,ANGVLVS,"1_8, 2_11"
2366,ANGVSTO,"5_1, 8_9"
2367,ANGVSTVM,"2_10, 4_7, 10_4"
2368,ANGVSTVS,10_4
24,ANIMA,"14_8, 14_9, 14_10"
2380,ANIMAL,"3_2, 8_8, 11_5"
2384,ANIMOSE,"8_2, 11_5"
25,ANIMVS,"1_4, 1_8, 1_9, 1_11, 1_11, 1_12, 1_14, 1_17, 2_1, 2_3, 2_4, 2_7, 2_8, 2_8, 2_9, 2_10, 2_11, 2_11, 3_1, 3_2, 3_3, 4_4, 4_5, 5_1, 7_3, 8_4, 9_2, 9_3, 10_4, 10_6, 10_6, 11_3, 11_6, 11_9, 13_3, 14_2, 14_5, 14_9, 14_10, 15_1, 15_2, 15_3, 15_3, 16_2, 17_3, 17_4, 17_5, 17_5, 17_5, 17_6, 17_8, 17_8, 17_8, 17_8, 17_9, 17_12"
1723,ANNVO,14_7
685,ANNVS,"1_3, 11_12"
687,ANTE/2,"1_6, 6_2"
2422,ANTECEDO/1,14_7
2435,ANTEQVAM,"5_5, 11_8"
2459,ANTIQVVS,"2_13, 17_4"
2474,ANXIVS,"14_1, 17_1"
696,APERIO,11_10
2485,APERTVM,1_1
2486,APERTVS,17_8
2518,APPARATVS/1,"1_8, 9_5"
698,APPAREO,"1_1, 5_1"
2522,APPELLATIO,2_3
699,APPELLO/1,11_3
2528,APPETO,2_11
2532,APPLICO,14_2
2536,APPREHENDO,10_4
2540,APPROBO,7_5
2547,APTVS,7_2
702,APVD,"8_7, 9_7, 17_11"
703,AQVA,"1_8, 3_7, 11_10"
710,ARBITRIVM,10_6
2593,ARBVSTVM,12_3
2603,ARCESILAVS/N,17_9
715,ARCESSO,1_6
23931,ARCVLA,1_5
28,ARDEO,9_5
2625,ARDVVM,17_11
2627,AREA,10_4
28542,AREOPAGVS/N,5_1
720,ARGENTVM,"1_7, 11_3"
723,ARGVMENTVM,"3_8, 14_10"
2676,ARIETO,1_11
2692,ARISTOTELES/N,17_10
728,ARMA,"4_1, 5_4, 8_9"
28510,ARMAMENTARIVM,3_5
2696,ARMAMENTVM,9_3
2697,ARMARIVM,9_6
2700,ARMENIA/N,11_12
2714,ARMO,11_8
2731,ARS,10_4
2748,ARTIFEX,1_7
2754,ARTVS/2,9_3
2754,ARTVS/2,10_3
2787,ASINIVS/N,17_7
738,ASPICIO,"1_15, 2_4, 2_9, 9_2, 11_8, 17_1"
28164,ASSECTATOR,1_8
2808,ASSECTOR/2,12_4
2765,ASSENTOR,1_16
2812,ASSERO/2,17_8
28511,ASSESSOR,3_4
2816,ASSIDEO,7_4
2818,ASSIDVITAS,"10_2, 17_5"
2819,ASSIDVVS,"2_6, 17_1, 17_5, 17_12"
2820,ASSILIO,1_1
2827,ASSVESCO,"2_1, 9_2, 9_3, 10_4"
2831,ASSVMO,7_4
1411,ASTVPEO,8_5
744,AT/2,"8_7, 10_1, 11_5, 11_6, 17_2"
747,ATHENAE/N,5_3
748,ATHENIENSIS/N,5_1
27031,ATHENODORVS/N,"3_1, 4_1, 7_2"
2870,ATHLETA,3_1
751,ATQVE/1,"2_6, 2_10, 2_12, 3_1, 9_6"
756,ATTOLLO,"1_9, 2_4, 17_8"
2917,ATTRAHO,"3_6, 7_4"
3030,AVARITIA,5_2
3032,AVARVS/2,8_4
2930,AVCTOR,"9_4, 9_6, 11_8"
2940,AVDAX,17_8
758,AVDEO,"1_16, 2_7"
30,AVDIO,"4_6, 9_3, 12_7, 14_3"
3040,AVERSATIO,2_11
3042,AVERSVS,4_2
33,AVFERO,"1_11, 11_3, 11_7, 14_5"
2952,AVGEO,"9_2, 12_6, 17_8"
2956,AVGVRALE,11_9
34,AVIDVS,8_8
2969,AVLA/1,6_2
1412,AVOCO,2_2
762,AVREVS/2,10_3
765,AVRIS,2_13
767,AVRVM,1_8
28512,AVSCVLTATIO,12_7
36,AVT,"1_10, 1_11, 1_11, 1_11, 1_15, 2_7, 2_7, 2_7, 3_4, 4_4, 4_5, 4_5, 4_5, 4_5, 4_8, 5_4, 5_4, 6_1, 6_4, 6_4, 7_4, 7_5, 8_4, 8_4, 9_5, 9_6, 9_6, 10_5, 10_5, 11_11, 11_11, 11_11, 12_1, 12_1, 12_1, 12_1, 12_1, 12_1, 12_1, 12_1, 12_4, 12_4, 12_4, 12_4, 14_1, 14_1, 14_9, 15_4, 16_2, 16_2, 16_4, 16_4, 17_1"
768,AVTEM,"2_3, 6_1, 8_3, 9_1, 11_2, 11_9, 13_3, 13_3, 15_3"
770,AVXILIVM,3_1
24667,BALNEARIA,9_7
39,BEATVS,"5_3, 8_5, 11_6"
783,BELLVM,"1_1, 3_3, 8_9"
784,BENE,"1_8, 4_7, 10_2, 11_4, 15_3, 17_1, 17_3"
786,BENEFICIVM,14_5
3208,BENEVOLENTIA,7_6
3211,BENIGNE,14_2
3213,BENIGNVS,10_6
3241,BIBLIOTHECA,"9_4, 9_7"
28513,BION/N,"8_3, 15_4"
3311,BLANDIOR,"1_16, 14_4"
3338,BONI,"7_5, 7_5, 7_6, 16_1"
3344,BONVM,"1_3, 3_4, 7_3, 14_5"
3345,BONVS,"1_2, 1_9, 1_13, 1_15, 3_1, 3_3, 3_4, 3_6, 4_3, 4_6, 4_8, 5_1, 7_4, 8_9, 11_3, 11_8, 11_12, 14_4, 15_3, 16_1, 17_5"
27456,BRVTTIVS/A,2_13
3445,CACVMEN,12_3
801,CADO,"1_15, 8_9, 9_3, 10_6, 11_10"
803,CAELVM/1,"2_13, 17_8"
3502,CAESAR/N,"11_10, 14_9"
805,CALAMITAS,"9_3, 10_2"
807,CALCO,1_8
3539,CALCVLVS,14_7
3579,CALOR,2_1
3585,CALVMNIATOR,3_2
3586,CALVMNIOR,2_1
3591,CALVVS,8_3
3610,CAMPANIA/N,2_13
3615,CAMPVS/1,4_4
3629,CANDIDATVS/1,3_3
3645,CANO,17_11
3663,CANVS/N,"14_4, 14_6, 14_7, 14_9, 14_9"
3674,CAPESSO,1_10
53,CAPIO/2,12_5
3707,CAPTIVITAS,11_6
3709,CAPTO,9_6
816,CAPVT,"10_3, 14_10"
3723,CARCER,"5_3, 16_1"
55,CAREO,3_7
819,CARNIFEX,"5_1, 11_9, 11_11"
3765,CARVS,"4_1, 11_1, 17_12"
3806,CASVS,"9_3, 10_6, 13_3, 14_1, 16_3"
829,CATENA,"5_4, 10_3, 10_3"
3837,CATO/N,"7_5, 7_5, 16_1, 16_4, 17_4, 17_9, 17_9"
28514,CATONIANVS/A,7_5
3873,CAVEA,"3_2, 11_8"
832,CAVSA,"1_13, 1_13, 2_6, 2_10, 6_1, 7_6, 11_4, 12_6, 15_1"
57,CEDO/1,"4_1, 9_3, 11_1, 11_3, 13_3, 17_1"
3907,CELLA,8_6
3915,CENA,7_2
3920,CENATIO,9_5
3924,CENO,9_3
3928,CENSEO,3_3
3949,CENTVRIO/1,"14_7, 14_7"
3972,CEREVS/2,11_7
842,CERTAMEN,"3_1, 9_3"
3984,CERTE,"3_3, 6_4, 8_9"
3985,CERTVS,17_7
846,CERVIX,"11_5, 16_1"
28515,CERYX,4_5
3995,CETERVM/2,"1_13, 13_2"
62,CETERVS,17_10
4064,CHRYSIPPVS/N,1_10
853,CIBVS,"1_6, 9_2"
4079,CICERO/N,"11_4, 16_1"
67,CIRCA/2,"2_2, 5_4, 10_4, 11_7"
4135,CIRCVMCIDO/2,12_2
4147,CIRCVMDO,10_3
4148,CIRCVMDVCO,12_6
4149,CIRCVMEO/1,"14_9, 17_12"
4150,CIRCVMFERO,5_2
4152,CIRCVMFLVO,1_8
4154,CIRCVMFVNDO/2,1_9
4167,CIRCVMSAEPIO,4_7
27469,CIRCVMSCRIPTOR,8_4
4173,CIRCVMSONO/1,1_9
24742,CIRCVMSPECTVS/2,11_2
4191,CIRCVS,9_3
4210,CITO/1,13_1
4211,CITO/2,"4_1, 10_2, 17_5"
4212,CITRA/2,"4_7, 10_6"
4216,CITRVM,9_6
4220,CIVILIS,"2_9, 3_1, 3_1, 6_2"
864,CIVIS,"1_10, 3_1, 3_4, 4_3, 4_3, 4_6, 5_1"
865,CIVITAS,"1_7, 4_2, 4_8, 5_1, 5_1, 5_1"
866,CLADES,14_10
868,CLAMOR,"4_5, 4_6"
70,CLARVS,14_10
4248,CLAVDO/1,"4_4, 11_7, 11_10"
871,CLAVVS,16_4
27618,CLEANTHES/N,1_10
4267,CLIENS,16_1
4311,COARGVO,12_5
878,COEO/1,5_1
879,COEPIO,"2_6, 2_15, 13_1"
4336,COEPTVM,2_8
4337,COERCEO,"1_11, 1_12, 3_2, 9_2"
880,COGITATIO,1_14
881,COGITO,"8_2, 10_1, 11_7, 12_2, 13_2, 13_3, 13_3, 14_9, 15_1"
4343,COGNATVS/1,"11_10, 11_10"
883,COGO,"1_5, 2_7, 4_7, 7_2, 9_3, 10_6, 16_1, 17_7"
4379,COLLEGIVM,5_1
885,COLLIGO/3,3_6
75,COLO/2,"1_8, 1_11, 9_2, 11_3"
4397,COLONVS/1,8_5
888,COLOR,1_3
4422,COMATVS,8_3
892,COMES,"1_8, 2_14, 7_6"
4431,COMICVS/2,11_8
4442,COMITIVM,4_4
4446,COMITOR,11_9
4462,COMMERCIVM,4_4
896,COMMITTO,11_2
4474,COMMODO/1,"1_12, 11_1"
4475,COMMODVM/1,10_4
4486,COMMVNE,3_1
76,COMPARO/2,"6_3, 8_1, 9_5, 9_7"
4507,COMPEDIO,10_1
4533,COMPONO,"1_13, 2_6, 2_12, 7_2, 9_2, 17_1"
901,COMPOS,17_10
4536,COMPOSITVS,"1_5, 1_10, 17_3"
4549,CONATVS,17_8
28516,CONCEPTVS/1,15_4
911,CONCIPIO,11_6
4578,CONCLAMO,11_7
4595,CONCVPISCO,"2_7, 12_1"
4598,CONCVRSATIO,12_2
4601,CONCVTIO,"1_9, 2_3"
917,CONDICIO,"4_8, 10_4, 11_10"
4606,CONDICO/2,11_6
4614,CONDITOR/1,17_7
919,CONFERO,"3_5, 4_5, 11_11"
4642,CONFIDO,14_2
920,CONFIGO,16_4
4657,CONFODIO,11_5
4671,CONGERO/2,11_11
4673,CONGIARIVM,7_2
82,CONOR,1_12
4706,CONQVIESCO,5_1
4707,CONQVIRO,9_6
28517,CONQVISITVS,9_7
4716,CONSCIENTIA,"3_4, 7_3"
932,CONSEQVOR,"2_7, 12_1"
4741,CONSIDERO,7_2
83,CONSILIVM,"3_3, 7_3, 14_1"
4752,CONSISTO,10_6
4757,CONSOLOR,5_2
933,CONSPECTVS/1,"1_17, 7_3"
4766,CONSPICVVS,1_7
4773,CONSTANTIA,"1_3, 2_6"
84,CONSTO,7_6
4791,CONSVETVDO,"1_3, 10_1, 10_2, 15_6, 17_9"
4793,CONSVL,4_5
4796,CONSVLO,9_3
937,CONSVMO,3_7
4806,CONTACTVS,7_3
4810,CONTEMNO,"17_2, 17_11"
4811,CONTEMPLATIO,7_2
4812,CONTEMPLOR,15_3
4814,CONTEMPTIO,11_9
4817,CONTEMPTVS/1,"3_4, 11_4, 17_2"
4832,CONTINENTIA,9_2
4833,CONTINEO,"6_2, 14_1, 15_1"
4835,CONTINGO/1,17_11
4838,CONTINVO/1,17_6
4839,CONTINVVS,1_1
4843,CONTRA/2,"3_7, 5_1, 13_3"
940,CONTRAHO,"4_7, 5_4, 8_9, 9_3, 11_7"
4855,CONTRISTO,16_1
4859,CONTVBERNALIS,4_3
4860,CONTVBERNIVM,11_7
4861,CONTVMACIA,6_2
4863,CONTVMELIOSVS,14_5
4872,CONVALESCO,1_3
4879,CONVENIO,12_6
4884,CONVERSATIO,"1_3, 3_7, 17_3"
943,CONVERTO,"1_11, 3_7, 9_1"
4895,CONVICTVS,17_8
4898,CONVIVA,"1_7, 4_3"
4900,CONVIVIVM,"1_8, 4_3"
4905,CONVVLNERO,11_5
945,COPIA,11_8
4919,COPVLOR,10_3
949,CORINTHVS/N,9_6
951,CORNV,3_5
953,CORPVS,"1_6, 2_1, 2_1, 2_11, 2_12, 3_1, 6_2, 7_4, 8_2, 8_9, 9_6, 11_1, 17_4"
4970,CORRIGO,15_3
4971,CORRIPIO,7_4
5009,COTHVRNVS,11_8
5014,COTIDIANVS,"14_5, 14_9"
5011,COTIDIE,"5_1, 8_6, 11_8"
955,CREDO,"2_2, 11_3, 11_9, 14_6, 17_9, 17_10"
5077,CRIMEN,17_9
5102,CROESVS/N,11_12
967,CRVDELITAS,14_5
5116,CRVS,10_1
5132,CVBILE,1_5
972,CVLTVS/1,"9_2, 9_7"
92,CVM/2,"2_5, 2_12, 4_1, 4_2, 6_1, 6_3, 7_2, 8_1, 9_7, 10_3, 11_2, 11_7, 12_4, 14_4, 14_10, 17_4"
93,CVM/3,"1_8, 2_1, 2_1, 3_1, 5_1, 5_2, 8_7, 9_1, 10_2, 11_6, 11_10, 11_10, 12_4, 12_6, 14_3, 14_7, 15_1, 15_1, 15_6, 16_1, 17_11"
5188,CVNCTATIO,2_8
5202,CVPIDITAS,"2_7, 2_8, 2_10, 2_12, 7_3, 10_5, 10_6, 12_1, 13_3, 17_6"
974,CVPIDO,9_7
5203,CVPIDVS,2_9
975,CVPIO,"2_10, 11_4"
976,CVR/1,"9_6, 14_3"
96,CVRA,"1_11, 3_1, 9_5, 9_5, 14_10, 17_1, 17_4, 17_7, 17_7, 17_8, 17_8, 17_12"
5213,CVRIA,"5_1, 11_7"
5221,CVRIVS/N,5_5
97,CVRO,"7_4, 9_3"
98,CVRRO,"12_4, 12_4"
5227,CVRSVS,"2_4, 2_13, 3_3, 9_3, 12_3"
99,CVSTODIA,"10_3, 11_12, 16_3"
978,CVSTODIO,8_8
5331,DAMNVM,"8_2, 14_2, 15_1"
104,DE,"1_17, 2_3, 2_3, 2_11, 3_3, 5_2, 8_3, 8_5, 8_5, 10_2, 10_4, 11_7, 13_2, 13_2, 15_3, 15_4, 16_1, 16_1"
989,DEBEO,"1_17, 2_3, 2_15, 6_1, 6_3, 7_2, 7_5, 8_6, 8_8, 14_1"
106,DECEM,"14_6, 17_7, 17_7"
5439,DEDECVS,2_7
995,DEDVCO,"11_11, 14_1"
5454,DEFENDO,3_5
996,DEFERO,10_6
5465,DEFLEO,15_3
5469,DEFLVO,1_15
5486,DEGO,8_5
5495,DEINCEPS,2_7
999,DEINDE,"1_10, 2_11, 6_1, 6_1, 6_3, 10_1, 12_4"
5508,DELECTO,"2_11, 2_12, 7_2, 7_3, 15_5"
5520,DELICATVS/2,2_13
1003,DELICIA/1,2_15
5530,DELITESCO,3_3
5542,DEMENTIA,"14_5, 17_10"
5547,DEMETRIVS/N,8_6
1009,DEMITTO,11_8
1010,DEMO,7_2
5554,DEMOCRITVS/N,"2_3, 13_1, 15_2"
5567,DEMVM,17_11
28518,DENTATVS/N,5_5
113,DENVDO,17_1
1013,DEORSVM,11_12
5592,DEPELLO,9_3
5593,DEPENDEO,12_7
5599,DEPLORO,"2_10, 7_6, 15_2"
1017,DEPREHENDO,"1_2, 2_6, 17_1"
5609,DEPRIMO,"2_4, 17_8"
1018,DERIDEO,15_2
115,DESCENDO,"7_3, 10_6"
5631,DESCISCO,17_11
5632,DESCRIBO,9_7
5634,DESERO/2,"3_5, 8_3"
5635,DESERTA,2_13
5642,DESIDERIVM,"8_1, 9_2, 17_3"
5643,DESIDERO,"2_3, 6_2, 16_2, 16_2"
5645,DESIDIOSVS,9_7
5649,DESINO,"6_4, 10_6, 14_8"
5656,DESPERATIO,2_11
5658,DESPERO,"5_2, 15_3"
5670,DESTINO,"12_3, 14_1"
5671,DESTITVO,"2_8, 13_3"
5674,DESTRVO,2_10
5679,DESVM/1,"1_6, 11_10, 15_6"
5685,DETERIOR,3_2
5688,DETERO,2_11
5691,DETESTOR,"2_10, 8_8"
5693,DETINEO,"3_1, 17_7"
1020,DETRAHO,"1_17, 2_9, 10_6, 11_4"
5701,DETRECTO,3_5
5703,DETRIMENTVM,"8_2, 17_4"
5723,DEVOCO,17_4
118,DEVS,"2_3, 3_4, 8_5, 8_5, 8_5, 11_11, 14_9, 16_3"
119,DEXTER,3_5
5753,DICO/1,3_1
1027,DICO/2,"1_1, 1_3, 1_3, 1_4, 1_16, 2_12, 8_3, 8_7, 11_2, 11_3, 12_3, 13_3, 14_4, 14_6, 14_6, 14_10, 15_4, 16_3, 17_7, 17_8"
1029,DIES,"1_6, 1_11, 1_13, 3_1, 11_11, 12_4, 14_6, 17_6, 17_7, 17_7, 17_7, 17_7, 17_7"
1030,DIFFERO,17_7
5778,DIFFICILIS,"2_6, 2_7, 10_1"
5780,DIFFICVLTAS,"3_7, 10_4"
5781,DIFFICVLTER,"10_5, 12_6"
1032,DIGNITAS,"1_3, 1_14, 4_1, 11_1, 11_9"
5796,DIGNVS,"1_8, 1_11, 1_17, 3_6, 7_1, 7_5, 14_10, 16_2, 16_3, 16_3, 16_4"
5894,DIIVNGO,5_5
5805,DILECTVS/1,"4_2, 7_1, 7_5"
1034,DILIGENS,"1_8, 11_2"
5806,DILIGENTIA,17_1
5822,DIMITTO,5_5
5833,DIOGENES/N,"8_4, 8_5, 8_7, 8_7, 8_7, 8_7"
1040,DISCEDO/1,8_9
5875,DISCO,"9_2, 9_2, 9_4, 14_10"
5881,DISCRIBO,10_4
5887,DISCVRRO,"2_2, 2_9"
5904,DISPENSO,3_7
28519,DISPLICENTIA,2_10
5908,DISPLICEO,2_7
5911,DISPOSITIO,10_4
5927,DISSIMILIS,17_3
5931,DISSIMVLO,1_16
5861,DISSIPO,"1_8, 7_3"
5953,DISTVRBO/2,17_3
1048,DIV,"1_15, 2_12, 2_13, 2_15, 3_8, 11_5, 14_4, 14_10"
5964,DIVELLO,5_1
1049,DIVERSVS,10_5
1050,DIVES,"5_2, 8_2, 11_10"
1051,DIVIDO,"11_9, 11_11, 17_7, 17_7"
5980,DIVITIAE,"1_8, 8_5, 8_6, 9_1, 9_2, 11_9"
5961,DIVTVRNITAS,1_3
125,DO,"3_7, 4_4, 5_4, 7_4, 8_5, 10_6, 11_3, 11_3, 11_3, 11_12, 14_10, 15_6, 17_5, 17_7, 17_8, 17_8"
5987,DOCEO,"2_7, 10_1"
6002,DOLEO,2_7
6010,DOLOR,"2_12, 8_1, 8_2, 8_2, 13_3, 15_6, 15_6"
6014,DOMESTICVS/2,"1_5, 1_15"
6024,DOMINVS,"1_7, 5_2, 9_4, 11_9"
6031,DOMO,9_2
1054,DOMVS,"1_8, 1_11, 2_9, 4_3, 9_7, 11_3, 11_10, 12_2, 12_2, 12_4, 12_6"
1055,DONEC,"1_3, 2_6, 5_5"
6074,DVBITATIO,1_9
6075,DVBITO,"8_5, 8_5, 11_1, 14_5"
129,DVBIVS,1_4
1061,DVCO,"1_3, 1_13, 14_4, 17_9"
131,DVLCIS,7_3
133,DVM/2,"2_11, 11_10"
6092,DVMMODO,14_1
1063,DVO,"8_6, 17_7"
28520,DVRAMENTVM,1_3
135,DVRO,"1_13, 10_2"
6116,DVRVS,"2_2, 10_4"
6163,EBRIETAS,"17_8, 17_9"
6168,EBVR,9_6
136,ECCE,"14_10, 14_10"
1076,EDVCO/2,"3_1, 3_7"
6215,EFFECTVS/1,"2_7, 12_1, 12_1"
137,EFFERO/2,"1_12, 6_2, 15_5, 17_11"
1077,EFFICIO,"3_1, 8_4, 16_4, 17_9"
6233,EFFRENATVS,9_2
1080,EFFVGIO,"2_1, 2_14, 3_6, 16_3"
6239,EFFVNDO/2,9_6
139,EGESTAS,"7_6, 8_4, 11_9"
140,EGO,"1_1, 1_1, 1_2, 1_2, 1_3, 1_3, 1_4, 1_5, 1_9, 1_9, 1_15, 1_17, 2_3, 4_1, 4_1, 8_4, 8_4, 8_7, 8_7, 11_3, 11_3, 11_7, 11_7, 11_7, 11_7, 11_8, 13_2, 14_3, 14_5, 14_7, 14_8, 16_4"
141,EGREDIOR,10_5
6253,EGREGIVS,"2_3, 9_5"
6267,ELECTIO,7_6
6273,ELEGANS,"1_7, 8_3"
6274,ELEGANTIA,"9_5, 9_5"
6286,ELEVO/1,15_2
144,ELIGO/3,7_3
6298,ELOQVENTIA,"1_3, 6_2"
1085,ELOQVOR,1_14
6303,ELVO,17_8
1087,EMITTO,4_4
1088,EMO,8_8
145,ENIM/2,"1_2, 1_15, 1_16, 2_3, 2_10, 2_11, 2_12, 3_3, 3_5, 3_6, 4_5, 4_8, 5_1, 5_4, 6_3, 7_1, 7_2, 7_3, 7_4, 7_5, 8_2, 8_3, 9_7, 11_1, 11_4, 11_6, 12_1, 14_5, 14_5, 15_1, 15_2, 15_6, 16_2, 17_1, 17_2, 17_3, 17_5, 17_8"
1092,EO/1,"1_10, 2_2, 2_4, 7_2, 7_2, 11_1, 11_12"
1091,EO/3,"4_8, 6_4, 7_2, 8_2, 11_5, 12_4, 15_1, 17_11"
28521,EPHORVS/N,7_2
6413,EPISTOLA,17_7
1097,EPVLAE,1_8
6441,ERECTVS,2_9
6447,ERGO/2,"1_17, 2_4, 3_5, 5_4, 9_3, 9_7, 11_10, 15_2, 16_2"
6451,ERIGO,1_12
1105,ERIPIO,"8_4, 17_6"
1107,ERRO/2,"2_2, 8_2, 9_4, 9_7, 11_7, 12_4"
6463,ERROR,13_3
6464,ERVBESCO,17_4
6471,ERVMPO,2_12
6127,ESCENDO,17_11
6495,ESVRIO/2,11_10
6498,ET/1,"2_6, 2_13, 3_5, 6_4, 8_5, 11_3, 11_8, 11_8, 17_1, 17_2, 17_3, 17_6, 17_8, 17_10"
146,ET/2,"1_1, 1_1, 1_2, 1_2, 1_3, 1_3, 1_3, 1_3, 1_3, 1_5, 1_7, 1_7, 1_8, 1_8, 1_8, 1_8, 1_8, 1_9, 1_9, 1_10, 1_10, 1_10, 1_11, 1_12, 1_13, 1_14, 1_14, 1_15, 1_15, 1_17, 2_1, 2_1, 2_1, 2_2, 2_3, 2_3, 2_4, 2_4, 2_5, 2_6, 2_6, 2_6, 2_6, 2_6, 2_7, 2_7, 2_7, 2_7, 2_8, 2_8, 2_8, 2_8, 2_9, 2_10, 2_10, 2_10, 2_10, 2_10, 2_10, 2_10, 2_11, 2_11, 2_11, 2_11, 2_11, 2_11, 2_11, 2_12, 2_12, 2_12, 2_13, 2_13, 2_13, 2_13, 2_13, 2_13, 2_14, 2_14, 2_15, 2_15, 2_15, 3_1, 3_1, 3_1, 3_1, 3_1, 3_2, 3_2, 3_3, 3_3, 3_3, 3_4, 3_5, 3_5, 3_5, 3_7, 3_7, 3_7, 3_7, 4_1, 4_2, 4_2, 4_4, 4_5, 4_6, 4_6, 4_6, 4_7, 4_7, 4_7, 5_1, 5_2, 5_2, 5_2, 5_2, 5_3, 5_3, 5_3, 5_4, 6_2, 6_3, 7_2, 7_3, 7_3, 7_3, 7_4, 7_5, 7_5, 7_5, 7_5, 7_6, 7_6, 7_6, 8_2, 8_4, 8_6, 8_8, 8_8, 8_9, 9_1, 9_2, 9_2, 9_3, 9_3, 9_3, 9_3, 9_3, 9_4, 9_6, 9_7, 9_7, 10_1, 10_1, 10_1, 10_1, 10_3, 10_3, 10_4, 10_4, 10_4, 10_4, 10_4, 10_4, 10_6, 10_6, 10_6, 10_6, 11_1, 11_1, 11_1, 11_1, 11_1, 11_1, 11_1, 11_4, 11_5, 11_5, 11_5, 11_5, 11_6, 11_6, 11_8, 11_8, 11_9, 11_9, 11_9, 11_9, 11_9, 11_9, 11_9, 11_9, 11_9, 11_9, 11_9, 11_9, 11_10, 11_12, 11_12, 12_2, 12_2, 12_3, 12_4, 12_4, 12_6, 12_6, 12_7, 12_7, 13_1, 13_1, 13_2, 13_2, 13_2, 14_1, 14_1, 14_1, 14_1, 14_1, 14_2, 14_3, 14_5, 14_5, 14_5, 14_7, 14_8, 14_9, 14_10, 15_1, 15_1, 15_1, 15_1, 15_1, 15_1, 15_2, 15_2, 15_3, 15_3, 15_4, 15_5, 15_5, 15_6, 16_1, 16_1, 16_1, 16_2, 16_2, 16_3, 16_3, 16_4, 17_1, 17_1, 17_1, 17_2, 17_2, 17_3, 17_3, 17_3, 17_3, 17_3, 17_4, 17_4, 17_5, 17_5, 17_7, 17_7, 17_7, 17_7, 17_8, 17_8, 17_8, 17_8, 17_8, 17_8, 17_8, 17_8, 17_9, 17_10, 17_11, 17_11, 17_11, 17_11, 17_11, 17_12"
1111,ETIAM,"1_3, 1_8, 2_1, 3_2, 4_3, 4_7, 9_5, 10_3, 11_12, 12_4, 14_1, 14_2, 14_10, 15_6, 17_4"
6506,ETIAMNVNC,11_3
6507,ETIAMSI,"1_12, 4_5, 9_2, 17_4"
6574,EVENIO,"11_4, 11_6, 11_9"
6579,EVERSIO,9_3
6581,EVERTO,15_1
6587,EVITO,6_2
28522,EVTHYMIA,2_3
147,EX,"1_1, 1_1, 1_5, 1_9, 1_11, 2_1, 2_1, 2_4, 2_5, 2_11, 2_14, 4_7, 5_5, 6_4, 9_6, 10_5, 10_6, 11_6, 11_7, 11_11, 12_1, 12_1, 12_2, 12_6, 12_6, 12_7, 14_8, 14_10, 15_3, 15_6, 16_3, 17_5"
6618,EXASPERO,2_11
6628,EXCELSVS,"10_5, 17_11"
6631,EXCERPO,13_3
6632,EXCESSVS,4_7
6634,EXCIDO/1,15_5
1129,EXCIPIO,14_1
6638,EXCITO/1,"2_11, 14_7"
1131,EXCLVDO,12_6
6660,EXEMPLAR,5_2
6662,EXEMPLVM,"1_12, 2_1, 4_5, 4_7, 9_2, 10_6"
1133,EXEO/1,"1_14, 5_5, 12_2, 12_4, 12_6, 14_9, 14_10, 16_3"
1134,EXERCEO/2,"3_1, 4_3"
6663,EXERCITATIO,3_1
1135,EXERCITVS/1,8_6
6669,EXHAVRIO,17_5
6670,EXHIBEO,8_1
6675,EXHORTOR,"3_3, 5_2"
1136,EXIGO,14_6
6678,EXIGVVS,10_4
1141,EXITVS,"2_8, 2_10, 16_1"
6712,EXPEDIO,"7_3, 15_1"
6713,EXPEDITIO,17_7
6714,EXPEDITVS,"11_5, 14_3"
6715,EXPELLO,12_6
1143,EXPERIOR,"2_13, 7_5, 13_2"
6725,EXPERS,1_11
6734,EXPLICO,"2_1, 2_8, 3_2, 5_4"
6737,EXPLORO,14_9
6739,EXPOLIO/2,9_7
1146,EXPONO,8_9
6744,EXPRIMO,"1_5, 1_17"
6745,EXPROBRATIO,11_9
6746,EXPROBRO,"5_2, 14_5"
6763,EXSEQVIAE,11_7
1137,EXSILIVM,"9_3, 10_3, 11_12, 16_1"
6775,EXSPECTO,"1_3, 5_5, 11_6"
1151,EXSTINGVO,11_12
6782,EXSTRVO,9_7
6786,EXSVLTATIO,17_9
6797,EXTER,11_9
6801,EXTERNVS,14_2
6807,EXTORQVEO,14_1
1157,EXTRAHO,"3_3, 17_9"
6816,EXTRINSECVS,10_5
6822,EXVLCERO,17_3
1158,EXVO,8_5
151,FACIES,"2_3, 10_5"
1161,FACILIS,"1_6, 1_9, 1_11, 8_3, 8_8, 10_1, 14_1, 15_2, 17_9"
152,FACIO,"4_1, 4_6, 5_1, 5_5, 6_2, 6_4, 7_2, 10_1, 10_4, 11_1, 11_2, 11_3, 11_5, 11_6, 11_12, 13_2, 14_1, 14_6, 15_6, 16_1, 16_2, 17_3, 17_4, 17_8, 17_9"
6860,FACVLTAS,"3_1, 4_2, 7_5"
6869,FAENVS,8_5
6886,FALLO,8_4
6889,FALSVS,12_5
6891,FAMA,1_3
1164,FAMES,"9_2, 11_9, 11_10"
6893,FAMILIA,"1_6, 8_8, 11_3"
6894,FAMILIARIS/2,1_15
6896,FAMILIARITAS,10_2
6917,FASCIS,1_10
6919,FASTIDIO,17_2
6921,FASTIDIOSVS,7_6
6922,FASTIDIVM,"2_5, 2_13, 2_15, 3_6"
6923,FASTIGIVM,10_6
6929,FATEOR,"1_2, 1_5, 2_10"
6933,FATIGO,"1_11, 17_4"
1167,FATVM,14_10
6948,FAVEO,11_4
6952,FAVOR,1_15
6947,FAVX,4_6
1168,FAX,11_7
6958,FECVNDITAS,17_5
6960,FECVNDVS,6_4
6962,FELICITAS,8_5
154,FELIX,"7_5, 8_4, 8_6, 8_8, 15_1, 16_3"
6987,FERCVLVM,7_2
6979,FERE,"6_2, 12_1"
6985,FERIAE,17_7
155,FERO,"1_14, 2_9, 5_3, 6_2, 6_3, 6_4, 7_2, 7_5, 8_2, 10_1, 10_1, 10_4, 11_4, 12_4, 15_2, 16_2, 17_11"
1173,FEROX,6_2
7003,FERRVM,11_5
7007,FERTILIS,17_5
7018,FESSVS,2_12
1177,FESTVS,"17_4, 17_7"
7034,FETVS/1,7_5
7040,FICTVS,17_1
156,FIDELIS/2,"4_3, 7_3"
157,FIDES/2,"1_2, 2_2, 4_1, 7_6, 11_2, 11_12, 13_2, 14_6, 15_1"
7051,FIDVCIA,"6_2, 11_1"
1180,FIGO,"1_3, 10_6, 15_6"
1183,FILIVS,15_5
1184,FINGO,15_5
7068,FINIO,10_6
1185,FINIS,"5_1, 6_4, 14_8"
158,FIO,"3_6, 7_3, 7_5, 7_6, 10_5, 11_6, 11_12, 13_2, 14_9, 16_4, 17_7"
7079,FIRMVS,6_2
1187,FLAGRO,7_4
1191,FLECTO,"2_13, 9_3, 15_2"
1192,FLEO,"8_8, 15_2, 15_5, 15_6, 16_4, 16_4, 16_4"
7129,FLORENS,5_3
7140,FLVCTVATIO,1_17
1193,FLVCTVS,"2_10, 10_6"
1194,FLVMEN,11_10
7147,FLVO,"1_11, 9_2, 17_4"
1195,FOEDVS/2,2_11
7179,FORIS/1,17_10
1200,FORMA,2_3
7184,FORMICA,12_3
7188,FORMVLA,11_6
7201,FORTASSE,1_15
7202,FORTE,"10_3, 14_4"
166,FORTIS,"1_4, 1_12, 10_1, 11_8, 16_2, 16_2, 16_3"
7205,FORTITVDO,3_4
7207,FORTVITVS,"4_8, 8_5"
167,FORTVNA,"2_11, 4_2, 4_2, 4_6, 5_4, 8_3, 8_7, 8_9, 9_2, 10_1, 10_3, 10_6, 10_6, 11_1, 11_2, 11_5, 13_2, 14_1, 14_3, 16_1, 16_3, 16_3"
7212,FORVM/1,"1_12, 1_12, 3_2, 4_3, 7_2, 8_5, 11_7, 12_2"
7226,FRAGOR,"2_13, 11_7"
1203,FRANGO,17_5
7244,FREMO,5_4
7247,FRENVM,17_11
7248,FREQVENS,17_6
7251,FREQVENTIA,17_3
27766,FRIVOLA,1_9
170,FRONS/1,"4_5, 6_2, 9_6, 15_5"
7287,FRVGALITAS,"1_9, 9_1, 9_2"
7298,FRVOR,2_13
7299,FRVSTRA,"2_7, 12_6, 17_10"
7302,FRVSTVM,11_11
7308,FVCVS/1,1_3
171,FVGIO,"2_14, 4_2, 8_7, 8_7"
7322,FVLGENS,1_8
175,FVNDO/2,"4_7, 15_6"
7360,FVNGOR,"3_5, 11_11"
7364,FVNVS,"1_13, 11_10, 12_4"
1212,FVTVRVM,9_2
28523,GAIANVS/A,"11_12, 14_10"
7413,GAIVS/N,"11_10, 14_4, 14_6, 14_6"
177,GAVDEO,"2_11, 14_2"
178,GAVDIVM,2_4
7500,GEMO,7_6
7522,GENV,11_9
1219,GENVS/1,"3_7, 10_1, 10_1, 15_1, 15_3"
182,GERO,15_6
7545,GESTIO/2,1_14
7568,GLADIATOR,11_4
1221,GLADIVS,16_1
184,GLORIA,9_2
7626,GRADVS,"1_11, 4_1, 14_10"
1228,GRAECVS/A,"2_3, 2_3, 17_10"
7646,GRANDIS,"3_8, 8_5, 17_10, 17_11"
1229,GRATIA,"11_3, 14_4, 14_5"
7662,GRATVITVS,3_4
189,GRATVS,"2_11, 2_11, 11_3"
190,GRAVIS,"1_6, 1_7, 2_1, 2_2, 2_9, 2_14, 3_6, 9_3, 10_2, 10_4, 10_6, 11_4, 11_6, 14_1"
7681,GREX,1_16
7704,GVSTVS,4_7
1235,HABEO,"1_6, 1_13, 1_17, 2_2, 2_3, 2_5, 2_9, 2_10, 2_10, 3_1, 3_2, 3_8, 3_8, 4_7, 6_2, 7_1, 7_5, 8_2, 8_5, 9_2, 9_4, 9_6, 10_2, 10_4, 10_5, 11_1, 11_3, 11_3, 11_3, 11_4, 11_12, 12_6, 14_3, 14_8, 15_1, 15_6, 17_2, 17_6, 17_12"
7721,HABILIS,8_9
7722,HABITABILIS,10_4
194,HABITO,9_3
1236,HABITVS/1,"1_2, 2_12, 4_7"
7726,HAC,1_13
7747,HAEREO,"1_11, 10_6"
1239,HARMODIVS/N,5_1
28524,HEBETATIO,17_5
7841,HEMINA,14_3
7848,HERACLITVS/N,15_2
1248,HERCVLES/N,16_4
7866,HERES,11_10
28525,HIBERNVM,2_13
200,HIC/1,"1_3, 1_4, 1_9, 1_13, 1_15, 1_17, 1_17, 1_17, 2_1, 2_3, 2_4, 2_4, 2_6, 2_6, 2_7, 2_11, 2_12, 2_14, 2_15, 3_1, 3_2, 3_7, 4_1, 5_3, 6_2, 6_4, 7_2, 7_4, 8_1, 8_4, 8_4, 8_5, 9_1, 9_3, 10_6, 10_6, 11_1, 11_1, 11_3, 11_4, 11_6, 11_6, 11_8, 11_8, 11_9, 11_9, 12_1, 12_1, 12_2, 12_3, 12_6, 12_7, 13_1, 13_3, 14_4, 14_6, 14_6, 15_2, 15_2, 15_2, 15_3, 15_6, 16_4, 17_2, 17_3, 17_6, 17_6, 17_12"
7927,HILARITAS,"7_3, 17_7"
7936,HINC,2_10
7974,HISTORIA,"7_2, 9_7"
28526,HOMERICVS/A,2_12
1255,HOMO,"3_2, 3_2, 4_3, 7_1, 9_6, 11_2, 11_6, 11_7, 11_11, 12_2, 12_4, 13_3, 15_4, 17_3, 17_6, 17_7"
8000,HONESTVS,"4_8, 9_6, 17_9"
8001,HONOR,"1_10, 4_3, 7_2, 10_3, 11_11"
203,HORA,"11_9, 17_7, 17_7, 17_7, 17_7"
8019,HORRENS,2_13
1256,HORTOR,10_6
8037,HORTVS,8_5
1257,HOSPES,11_10
1259,HOSTIS,"1_1, 4_1, 17_4"
8050,HVC,9_6
1260,HVMANITAS,"10_6, 15_5"
1261,HVMANVS,"1_11, 2_11, 2_13, 3_7, 8_1, 15_1, 15_2, 15_3, 15_5"
8062,HVMILITAS,10_3
8121,IACTATIO,2_8
8123,IACTVRA,7_1
206,IAM,"1_8, 1_14, 2_1, 2_2, 2_13, 2_13, 2_13, 7_4, 8_7, 9_7, 14_8, 14_9, 15_1, 16_3"
8133,IAMDVDVM,"2_1, 8_6"
8160,ICTVS,10_2
209,IDEM,"2_6, 2_15, 2_15, 8_3, 8_5, 10_2, 10_3, 11_4, 11_6, 12_4, 12_6, 17_4"
1275,IDEO,"2_9, 4_4, 5_1, 8_3, 9_3, 11_2"
8175,IDONEVS,6_2
1276,IGNARVS,9_5
8186,IGNAVIA,16_2
210,IGNAVVS/2,16_2
1277,IGNIS,11_6
8196,IGNOMINIA,9_3
8197,IGNOMINIOSVS,8_4
1278,IGNORO,"1_3, 10_1"
1279,IGNOSCO,"9_6, 9_7"
211,IGNOTVS,"9_6, 12_4, 15_1"
212,ILLE,"1_2, 1_3, 1_9, 1_9, 1_9, 2_2, 2_2, 2_3, 2_6, 2_6, 2_6, 2_6, 2_7, 2_8, 2_8, 2_10, 2_10, 2_11, 2_11, 2_12, 2_15, 2_15, 3_4, 3_5, 3_6, 3_8, 4_5, 5_1, 5_1, 5_4, 5_5, 6_2, 7_1, 7_2, 7_5, 7_6, 8_3, 8_5, 8_6, 8_8, 8_9, 9_5, 10_1, 10_4, 10_5, 10_6, 11_1, 11_1, 11_5, 11_6, 11_8, 11_10, 11_11, 12_3, 12_4, 12_5, 12_5, 12_7, 13_2, 13_3, 13_3, 14_4, 14_5, 14_6, 14_6, 14_6, 14_7, 14_7, 14_9, 14_9, 14_10, 15_2, 15_2, 15_3, 15_3, 15_4, 15_5, 16_1, 16_2, 16_2, 16_4, 17_1, 17_2, 17_3, 17_4, 17_4, 17_5, 17_7, 17_12"
1340,ILLIDO,12_6
8737,ILLVDO,14_7
8258,IMAGO,"9_7, 12_5, 16_1"
8260,IMBECILLVS,"17_3, 17_12"
8272,IMITOR,"2_3, 5_2, 15_2"
8277,IMMATVRVS,11_7
8282,IMMENSVM/1,10_6
8285,IMMERITO,"12_3, 16_1"
8289,IMMINEO,"5_4, 9_2"
8293,IMMO,"5_4, 8_7, 9_5"
1287,IMMORTALIS,"8_5, 8_5, 14_8"
1288,IMMORTALITAS,16_4
8306,IMMVNIS,17_7
8315,IMPATIENS,6_2
8318,IMPEDIMENTVM,"4_8, 10_1"
1290,IMPELLO,12_4
8322,IMPENDIVM,1_11
8323,IMPENDO,"3_8, 7_1"
8325,IMPENSA,"9_4, 9_6, 16_4"
8327,IMPERATOR,"4_5, 8_6"
8332,IMPERFECTVS,11_1
1291,IMPERIVM,"1_10, 10_3, 14_6"
216,IMPERO,"1_6, 2_8, 6_2, 11_3, 17_5"
1292,IMPETRO,11_4
8344,IMPETVS,"3_2, 11_6, 17_5"
8348,IMPINGO,10_1
1295,IMPONO,8_4
8368,IMPRIMIS,"13_3, 14_4"
8371,IMPROBO,9_6
8253,IMPVTO,7_1
8392,IMVS,"1_8, 17_8"
218,IN,"1_1, 1_1, 1_1, 1_1, 1_1, 1_2, 1_2, 1_3, 1_5, 1_7, 1_8, 1_10, 1_11, 1_12, 1_12, 1_13, 1_13, 1_13, 1_13, 1_14, 1_15, 1_16, 1_17, 2_4, 2_5, 2_5, 2_6, 2_6, 2_6, 2_7, 2_9, 2_10, 2_11, 2_12, 2_12, 2_13, 2_15, 3_1, 3_1, 3_2, 3_2, 3_2, 3_2, 3_3, 3_3, 3_5, 3_5, 3_5, 3_6, 3_7, 4_1, 4_2, 4_3, 4_3, 4_3, 4_4, 4_5, 4_7, 4_7, 5_1, 5_1, 5_1, 5_2, 5_3, 5_3, 5_3, 5_5, 5_5, 6_2, 6_3, 6_3, 7_2, 7_3, 7_3, 7_4, 7_4, 7_5, 7_6, 7_6, 8_5, 8_9, 8_9, 8_9, 9_1, 9_1, 9_2, 9_3, 9_3, 9_3, 9_3, 9_3, 9_3, 9_5, 9_5, 9_5, 9_6, 9_7, 10_1, 10_1, 10_2, 10_3, 10_4, 10_4, 10_5, 10_5, 10_6, 10_6, 10_6, 10_6, 11_7, 11_7, 11_8, 11_8, 11_10, 11_10, 11_10, 11_10, 11_10, 11_11, 11_11, 11_12, 11_12, 11_12, 12_1, 12_3, 12_3, 12_3, 12_6, 14_1, 14_1, 14_2, 14_3, 14_5, 14_6, 14_6, 14_8, 14_9, 14_10, 14_10, 14_10, 14_10, 15_1, 15_2, 15_2, 15_4, 15_5, 15_5, 15_6, 15_6, 16_1, 16_1, 16_1, 16_3, 16_3, 17_3, 17_3, 17_4, 17_4, 17_7, 17_7, 17_8, 17_8, 17_9, 17_11"
219,INANIS,"12_3, 12_6"
8452,INCEDO/1,"1_9, 5_2"
8454,INCENDIVM,12_4
8460,INCERTVM,10_6
8461,INCERTVS,2_10
8464,INCESSVS,"4_6, 17_4"
8485,INCHOO,2_10
1307,INCIDO/1,"5_5, 10_1, 13_2, 17_1"
8471,INCIPIO,"2_8, 3_7"
8480,INCLINO,7_2
1309,INCLVDO,"2_10, 10_5"
8491,INCOMMODVM,9_3
8501,INCONSVLTVS/2,12_3
8509,INCREMENTVM,"2_10, 10_6"
8513,INCRVENTVS,3_5
8517,INCVBO/2,2_11
8518,INCVLTVS/2,"1_7, 2_13"
8519,INCVMBO,16_1
8524,INCVRRO,"11_10, 11_10, 12_3"
1313,INDE,"2_10, 2_10, 2_13, 4_5, 12_3"
8549,INDEX,9_4
1316,INDICO/1,14_9
1317,INDICO/2,4_3
8561,INDIGNATIO,6_2
1318,INDIGNOR,10_1
8563,INDIGNVS,"1_11, 12_1, 16_2, 16_3"
1321,INDVLGEO,"14_1, 17_8, 17_9"
221,INDVO,1_3
8587,INDVSTRIA,12_5
28527,INELABORATVS,1_13
8601,INEPTIAE,"11_8, 15_2"
8603,INEPTVS,"14_3, 14_4"
1322,INERMIS,4_2
8605,INERS,5_3
8606,INERTIA,"2_6, 2_10, 12_3"
20538,INFELICITAS,2_9
8633,INFELIX,"2_10, 5_1"
8639,INFERO,4_2
1328,INFERVS,12_3
1329,INFESTVS,"2_13, 14_1"
8651,INFIRMITAS,"1_4, 1_15"
8653,INFIRMVS,"2_15, 6_2"
8669,INFRA/2,14_3
8676,INFRINGO,"11_12, 17_4"
8687,INGENIVM,"2_11, 3_3, 7_2, 7_2, 7_4, 9_7, 11_8, 17_10"
1333,INGENS,"2_5, 8_4, 11_8"
8697,INGRESSVS,4_3
1336,INHIBEO,13_1
8705,INHONESTVS,2_7
8715,INHVMANVS,15_5
1337,INICIO,"7_2, 16_3"
8722,INIMICVS/2,"2_10, 7_6, 14_1"
8723,INIQVITAS,9_3
8724,INIQVVS/2,"10_6, 16_1"
8726,INITIVM,"7_4, 15_4"
1339,INIVRIA,8_9
8745,INNITOR/2,9_2
8748,INNOCENTIA,15_1
8754,INNVMERABILIS,"2_7, 9_4, 13_1"
8767,INOPIA,"3_3, 3_7, 8_4"
8772,INORNATVS,17_2
28528,INQVIES/2,2_9
8778,INQVIETO,2_1
8779,INQVIETVS,"12_3, 12_5"
1343,INQVINO,7_4
1342,INQVIO,"3_2, 8_7, 9_6, 11_5, 14_3, 14_3, 14_4, 14_7, 14_7, 14_8, 14_9, 14_9"
1344,INQVIRO,1_1
8780,INQVISITIO,12_7
8790,INSANIO,17_10
8791,INSANVS,"3_2, 12_5"
1348,INSEPVLTVS/1,14_3
8831,INSOLITVS,1_11
8841,INSPERATVS,11_11
8843,INSPICIO,6_1
8847,INSTABILIS,2_7
8855,INSTILLO,3_3
8857,INSTINCTVS/1,17_11
1351,INSTITVO,17_7
8862,INSTO,2_2
8865,INSTRVMENTVM,9_5
8866,INSTRVO,"9_4, 11_9"
8875,INSVLTO,5_3
8893,INTELLECTVS,3_4
1354,INTELLIGO,"2_5, 7_2, 7_5, 8_2, 12_1"
8897,INTEMPERANS,7_2
8899,INTEMPERIES,2_7
8907,INTENTIO,17_4
8909,INTENTVS/2,17_12
1355,INTER,"1_4, 1_9, 1_16, 2_8, 2_13, 3_4, 4_5, 5_2, 7_5, 8_4, 9_6, 9_7, 11_1, 11_4, 11_8, 11_9, 11_12, 17_4, 17_7"
8920,INTERCLVDO,4_8
1360,INTERIM,"2_1, 2_5, 9_3, 12_4"
24476,INTERIVNGO,17_7
8951,INTERMITTO,17_5
1362,INTERPONO,17_7
1363,INTERPRETOR,14_2
1364,INTERROGO,12_2
8968,INTERRVMPO,2_4
8970,INTERSCINDO,11_7
8975,INTERSVM/1,"11_9, 14_3, 17_2, 17_6"
8979,INTERVALLVM,"1_1, 11_9"
1365,INTERVENIO,13_2
1366,INTRA/2,"1_11, 9_3, 11_12"
1367,INTRO/1,1_6
9011,INTRORSVM,"2_10, 10_5"
9015,INTVEOR,1_13
1369,INVENIO,"1_4, 2_6, 2_8, 4_2, 4_5, 5_1, 7_4, 8_4, 9_3, 10_1, 10_2, 10_4, 16_4"
9038,INVENTOR,17_8
9053,INVIDEO,10_5
1370,INVIDIA,"1_7, 2_10, 5_3"
9054,INVIDIOSVS,10_1
9061,INVISVS/1,"11_4, 15_1, 15_2"
9065,INVITVS,"2_9, 17_1"
9029,INVTILIS,"4_6, 15_5"
227,IOCVS,"17_4, 17_6"
1378,IPSE,"1_8, 1_8, 1_11, 1_13, 1_15, 1_16, 2_1, 2_2, 2_3, 2_9, 2_10, 2_10, 2_12, 2_14, 2_15, 4_6, 5_1, 5_3, 5_5, 6_1, 6_2, 6_3, 7_3, 7_4, 9_1, 10_6, 10_6, 11_1, 12_4, 14_8, 14_10, 16_2, 16_3, 16_4, 17_4"
228,IRA,6_2
9099,IRACVNDIA,9_2
9101,IRASCOR,2_2
8785,IRRITAMENTVM,6_2
8786,IRRITO,5_1
9117,IRRITVS,"2_7, 7_2, 12_1"
8787,IRRVO,9_3
229,IS,"1_2, 1_13, 1_17, 2_1, 2_4, 2_5, 2_6, 2_6, 3_3, 5_3, 6_1, 6_1, 6_4, 7_2, 7_2, 8_1, 8_7, 9_2, 9_2, 9_3, 9_3, 9_5, 10_5, 11_3, 11_4, 11_6, 11_7, 11_11, 12_1, 12_1, 13_2, 14_1, 14_9, 15_3, 17_7, 17_9"
9135,ISOCRATES/N,7_2
230,ISTE,"1_8, 4_5, 7_4, 8_4, 9_7, 11_9, 16_4, 17_3"
1385,ITA,"1_2, 1_14, 3_1, 3_3, 4_4, 4_7, 5_4, 7_4, 9_3, 11_3, 13_1, 15_6, 17_5, 17_8, 17_9"
1388,ITAQVE,"1_9, 1_13, 1_17, 2_2, 2_15, 4_8, 7_4, 8_2, 9_5, 10_4, 11_4, 12_5, 15_2"
231,ITER,"2_14, 11_8, 17_8"
232,IVBEO,"11_2, 14_3, 14_4, 14_6, 14_7"
233,IVCVNDVS,"17_1, 17_10"
1393,IVDEX,1_11
1394,IVDICIVM,"1_14, 1_15, 5_1, 12_4"
1395,IVDICO,"1_16, 15_6"
9184,IVGVLVM,11_5
9187,IVGVRTHA/N,11_12
9192,IVLIVS/N,14_4
9213,IVRO,12_4
9215,IVS/1,4_7
9223,IVSTITIA,"3_4, 10_6"
239,IVVENTVS,3_3
9241,IVVO,"2_13, 4_3, 4_5, 4_6, 4_6"
241,LABOR/1,"1_13, 2_7, 2_12, 2_15, 7_2, 8_1, 12_1, 12_1, 12_5, 17_5, 17_5, 17_7"
242,LABOR/2,17_12
9275,LABORIOSVS,6_2
9276,LABORO,"1_3, 1_17, 2_5, 2_15, 7_4, 12_1, 12_6"
243,LACERTVS/1,3_1
9306,LACRIMA,"15_3, 15_5, 15_6, 16_4, 16_4"
247,LAETVS/2,"2_4, 8_3, 15_4, 16_4"
9347,LAEVVS,3_5
9389,LANGVOR,17_5
9426,LAQVEVS,10_1
9439,LARGVS,10_6
9455,LASSITVDO,"2_6, 12_4, 17_7"
9460,LATEBRA,4_2
9462,LATENS,4_7
9464,LATEO,3_6
9495,LATRO/1,8_4
28319,LATRVNCVLVS,14_7
9500,LATVS/1,"2_12, 11_7"
9499,LATVS/2,"4_4, 4_4, 6_4"
9506,LAVDO,"1_16, 2_13, 9_5, 16_3"
9523,LAVS,16_3
9538,LAXO,"10_4, 17_4"
9539,LAXVS,"3_2, 8_6, 10_3"
9545,LECTICA,12_4
9548,LECTIO,1_12
250,LEGO/2,"7_4, 17_7"
9583,LENIO,"7_3, 9_2"
9584,LENIS/2,15_3
9598,LEO,3_2
9644,LEVIS/1,"2_1, 2_6, 8_2, 9_3, 10_1, 10_3, 10_5, 12_6, 16_4, 17_7"
9647,LEVITAS/1,"2_6, 2_13, 14_1, 14_1"
9648,LEVITER,13_3
9649,LEVO/1,1_14
251,LEX,"1_14, 17_7"
9657,LIBENS,11_3
9658,LIBENTER,"2_11, 14_5"
9661,LIBER/1,"9_4, 9_5, 9_5, 9_5, 9_6"
9659,LIBER/2,"5_2, 6_4, 8_7, 11_8, 17_8"
9660,LIBER/N,17_8
9662,LIBERALIS,"9_4, 17_8"
9667,LIBERI,14_5
9668,LIBERO,"1_2, 17_8"
9670,LIBERTAS,"5_1, 5_3, 5_3, 6_2, 14_5, 17_9, 17_9"
9674,LIBET,1_12
253,LIBIDO,"9_2, 15_1"
9700,LICENTIA,17_8
9705,LICET/1,"1_1, 4_3, 4_4, 5_3, 8_3, 15_1"
9704,LICET/3,7_6
9741,LIMEN,"11_7, 12_6"
9757,LINGVA,17_8
9788,LITIGO,12_4
9792,LITTERA,"5_5, 9_5"
9809,LIVIVS/N,9_5
9810,LIVOR,"2_10, 16_3"
9813,LOCO,11_10
28529,LOCVLAMENTVM,9_7
9818,LOCVPLES,"8_3, 8_6, 11_10"
9820,LOCVS,"2_13, 2_15, 2_15, 3_7, 4_2, 4_8, 5_1, 10_3, 11_1, 12_4, 17_8"
9835,LONGINQVVM/1,"4_7, 10_5"
9841,LONGVS,"1_3, 1_9, 2_1, 2_13, 3_1, 3_1, 4_8"
256,LOQVOR,"1_8, 1_13, 17_10"
9852,LORVM,11_9
9862,LVCANIA/N,2_13
9885,LVCRETIVS/N,2_14
9893,LVCRVM,15_1
258,LVDO,"14_7, 14_7, 17_4"
259,LVDVS,11_5
9916,LVGEO,"5_2, 15_3"
9955,LVSVS,"17_4, 17_6"
262,LVX,"3_6, 12_6"
9967,LVXVRIA,"1_9, 3_3, 9_2, 9_5"
9970,LVXVRIOSVS,2_13
10046,MACVLA,"1_7, 11_9"
10079,MAEROR,2_10
10081,MAESTVS,14_8
263,MAGIS/2,"1_2, 1_2, 1_16, 2_5, 2_6, 9_6, 10_6, 11_5, 15_4"
10106,MAGNITVDO,"1_14, 8_9"
264,MAGNVS,"1_11, 2_3, 3_1, 3_2, 3_2, 4_4, 4_4, 4_4, 5_2, 6_3, 6_4, 7_5, 8_1, 8_2, 9_3, 10_6, 11_3, 11_7, 11_9, 11_11, 12_2, 14_4, 14_5, 14_10, 14_10, 15_3, 15_3, 16_2, 17_7, 17_7, 17_10"
10122,MAIORES,"9_2, 17_7"
10128,MALE,"1_12, 3_7, 7_2, 11_1, 11_4"
10149,MALO,5_5
10154,MALVM/1,"1_3, 1_17, 5_1, 5_5, 8_1, 9_3, 9_3, 10_1, 11_6, 11_8, 12_7, 15_5, 15_5, 15_6, 15_6"
265,MALVS/3,"1_2, 1_9, 2_11, 2_12, 7_4, 7_5, 7_5, 11_5, 11_8, 16_1, 16_1, 16_3, 17_9"
10172,MANCIPIVM,"1_8, 11_1"
10182,MANEO,"2_4, 2_6"
10183,MANES/N,"8_7, 8_7"
10203,MANSVETVDO,10_6
10217,MANVS/1,"1_1, 1_6, 2_1, 2_11, 4_5, 6_4, 7_2, 8_8, 10_6, 11_1, 11_5, 11_7, 16_3"
10223,MARCEO,2_6
10228,MARCOR,2_10
10230,MARE,"2_1, 2_13, 3_7"
269,MATERIA,"2_11, 8_1, 8_2, 17_1"
10344,MEDEOR,17_8
10358,MEDICVS/1,"1_2, 2_1"
10359,MEDIOCRIS,"11_1, 17_1"
10369,MEDIVM,"2_5, 5_2"
270,MEDIVS,"1_10, 3_1, 14_6, 14_10, 17_7"
10372,MEDVLLA,11_8
10384,MEHERCVLE,"1_13, 2_1, 12_2"
272,MEMBRVM,9_2
10423,MEMINI,17_7
10431,MEMORIA,14_10
10443,MENDICITAS,11_9
10444,MENDICO,11_10
273,MENS,"1_15, 2_10, 2_12, 12_5, 14_9, 17_4, 17_10"
10456,MENSA,"1_7, 7_2"
10460,MENSTRVVS,17_7
10462,MENSVRA,9_1
10465,MENTIOR,14_7
10477,MERCES,11_3
10484,MEREO,10_2
10485,MEREOR,15_3
10490,MERGO,17_8
10529,METIOR,9_2
10540,METVO,"5_2, 17_1"
10542,METVS,"5_4, 8_1"
276,MEVS,"1_9, 1_14, 1_17, 11_1, 11_3, 11_7, 14_3, 14_7, 16_4"
277,MILES,17_7
10570,MILITARIS,"4_1, 17_4"
10572,MILITO/2,"3_5, 4_3, 4_5, 4_5"
278,MILLE,"1_5, 2_10, 5_1, 5_3, 9_5, 9_6, 11_9"
10585,MIMICVS,11_8
10596,MINIMVS,10_4
10599,MINISTER/1,1_7
10600,MINISTERIVM,"3_5, 8_8"
10603,MINISTRO,1_6
10609,MINOR,14_3
10628,MIROR,11_7
10632,MISCEO,"4_8, 7_4, 17_3"
281,MISER,"5_1, 5_1, 14_1, 15_3"
10643,MISEREOR,12_4
10646,MISERIA,"15_2, 15_5"
10658,MITHRIDATES/N,11_12
10661,MITIS,2_13
282,MITTO,"1_10, 3_6, 10_5, 11_12, 11_12, 11_12"
10667,MIXTVRA,17_10
10673,MOBILIS,2_7
10680,MODERATIO,17_9
283,MODO/1,"2_12, 2_12, 2_13, 2_13"
10693,MODVS,"2_6, 2_14, 8_9, 9_4, 11_4, 12_6, 17_2, 17_4"
10697,MOENIA,4_4
10705,MOLESTIA,1_13
10707,MOLESTVS,"1_1, 8_3"
10713,MOLITOR,7_5
28530,MOLLIMENTVM,10_2
10716,MOLLIO,"10_4, 11_6"
10719,MOLLITER,"9_3, 17_4"
10720,MOLLITIA,17_4
10727,MOMENTVM,"11_9, 14_9"
10746,MONSTRO,8_7
10754,MONVMENTVM,"7_2, 9_5"
285,MORA,1_3
10761,MORBVS,"1_4, 7_4, 7_4, 11_6, 16_3, 17_8"
10763,MORDEO,17_11
286,MORIOR,"5_5, 11_4, 11_4, 11_4, 11_5, 16_1, 16_2, 16_4"
287,MOROR/1,"1_7, 3_3"
10769,MOROSVS,1_2
288,MORS,"1_13, 2_15, 3_4, 8_1, 11_6, 11_12, 14_3, 14_5, 14_7, 14_8, 14_10, 14_10, 16_3, 17_6"
10770,MORSVS,1_9
10772,MORTALIS/2,"1_10, 3_1, 17_11"
289,MORTVVS/2,5_5
290,MOS,"9_2, 15_5, 17_2, 17_4"
28344,MOTIVNCVLA,2_1
10782,MOTVS,"1_17, 2_11"
10783,MOVEO,"5_4, 12_5, 15_3, 17_4, 17_8, 17_10"
10802,MVLIEBRIS,"16_2, 17_4"
10815,MVLTI,"1_6, 1_16, 2_2, 3_6, 9_2, 10_6, 11_7, 12_6, 12_6, 17_1"
10821,MVLTIPLEX,6_4
10827,MVLTO/2,"7_2, 9_4, 10_6, 11_8, 14_1"
10831,MVLTVM/1,"1_11, 6_4, 9_3"
10830,MVLTVM/2,"1_16, 3_4, 8_1, 17_2, 17_3, 17_6"
291,MVLTVS,"1_6, 1_7, 1_9, 1_11, 1_15, 3_2, 5_5, 6_2, 6_2, 6_3, 7_5, 9_4, 10_4, 10_6, 11_8, 12_1, 12_7, 13_1, 13_1, 13_2, 14_5, 17_1, 17_8"
292,MVNDVS/1,"2_15, 4_4, 8_5"
293,MVNVS,3_5
10898,MVTATIO,"2_6, 2_12, 14_1"
10903,MVTO/2,"1_9, 2_6, 2_12, 2_14, 2_15, 14_1, 17_8"
10907,MVTVS,4_7
294,NAM,"3_1, 3_1, 3_7, 8_1, 12_5, 13_1, 13_2, 14_1, 14_3, 15_5, 17_1, 17_6, 17_10"
10959,NARRO,12_7
10962,NASCOR,"1_13, 6_4, 7_5, 10_2, 14_4, 15_4, 17_5, 17_7"
10987,NATV,3_8
10984,NATVRA,"2_9, 2_11, 3_7, 6_2, 7_2, 7_2, 10_2, 11_3, 11_7, 15_6"
10985,NATVRALIS,"9_2, 17_6"
10991,NAVFRAGIVM,14_3
11007,NAVIGATIO,5_5
295,NAVIGO,"11_7, 13_2"
10996,NAVSEA,1_17
1399,NE/2,"5_1, 14_6"
298,NE/4,"1_3, 1_13, 1_15, 1_15, 1_15, 4_5, 5_1, 7_2, 7_4, 8_4, 9_5, 11_6, 12_1, 12_1, 12_1, 12_5, 14_1, 14_4, 14_4, 14_7, 15_3, 16_4, 17_2, 17_7, 17_7, 17_9"
11030,NEC/2,"1_1, 1_1, 1_2, 1_2, 1_2, 1_2, 1_4, 1_4, 1_5, 1_5, 1_6, 1_6, 1_6, 1_6, 1_6, 1_7, 1_7, 1_7, 1_9, 1_17, 2_1, 2_3, 2_4, 2_4, 2_7, 2_8, 2_8, 2_15, 2_15, 2_15, 2_15, 3_2, 3_3, 3_5, 3_6, 3_6, 3_6, 4_1, 5_1, 5_1, 5_4, 5_4, 5_5, 5_5, 6_2, 6_4, 6_4, 7_4, 8_3, 8_5, 8_5, 8_5, 8_5, 8_7, 8_9, 8_9, 9_1, 9_1, 9_3, 10_1, 10_1, 10_5, 10_6, 10_6, 11_1, 11_1, 11_1, 11_2, 11_3, 11_5, 11_9, 12_3, 12_7, 12_7, 13_1, 13_1, 13_3, 14_1, 14_8, 14_9, 14_10, 15_1, 15_1, 15_4, 15_5, 15_5, 17_1, 17_1, 17_2, 17_3, 17_4, 17_6, 17_9"
11032,NECESSARIO,10_6
11033,NECESSARIVS/2,"9_7, 13_1, 17_6, 17_7"
11035,NECESSE,"2_3, 2_7, 6_2, 6_3, 9_2, 13_3, 14_1, 16_1"
11037,NECESSITAS,10_1
11054,NEGLIGENS,17_2
11057,NEGO,"4_1, 8_8"
11058,NEGOTIATIO,13_2
11063,NEGOTIVM,"2_5, 3_3, 6_1, 6_2, 6_4, 6_4, 8_7, 12_2, 12_3, 15_4"
11070,NEMO,"1_10, 1_10, 1_11, 7_4, 10_2, 12_6, 14_10, 16_4, 16_4"
301,NEQVE,3_5
11111,NESCIO,"6_2, 11_4, 11_5, 12_4"
11118,NEVTER,1_1
11139,NIHIL,"1_6, 1_9, 1_9, 1_11, 1_11, 1_11, 1_12, 2_2, 2_10, 2_12, 3_3, 3_8, 7_2, 7_3, 8_4, 8_5, 8_7, 8_8, 9_5, 10_4, 10_6, 11_6, 11_6, 11_6, 11_11, 12_6, 13_2, 13_3, 14_1, 14_1, 15_1, 15_3, 15_3, 16_2, 17_2, 17_12"
11141,NIHILVM,"15_4, 15_4"
304,NIMIS,"2_13, 4_1, 4_1, 14_1"
11150,NIMIVS,"9_6, 9_7"
11162,NISI,"1_16, 1_16, 4_5, 4_5, 7_4, 8_8, 10_3, 10_6, 13_2, 13_2, 13_2, 15_1, 17_6, 17_10, 17_12"
11166,NITENS,1_8
11180,NOBILIS/2,1_12
11181,NOBILITAS,10_3
11184,NOCEO,"2_11, 6_2, 7_3, 8_4"
11201,NOLO,4_5
11203,NOMEN,"1_4, 1_7, 2_3, 8_4, 10_2"
11204,NOMENCLATOR,12_6
307,NON,"1_1, 1_2, 1_2, 1_3, 1_3, 1_4, 1_5, 1_5, 1_5, 1_6, 1_6, 1_6, 1_7, 1_9, 1_9, 1_10, 1_10, 1_11, 1_13, 1_13, 1_14, 1_16, 1_16, 1_17, 1_17, 2_1, 2_2, 2_3, 2_3, 2_4, 2_6, 2_6, 2_6, 2_6, 2_7, 2_7, 2_8, 2_9, 2_9, 2_10, 2_12, 2_14, 2_15, 2_15, 3_5, 3_5, 4_2, 4_2, 4_3, 4_4, 4_4, 4_5, 5_3, 5_4, 5_4, 6_2, 6_2, 6_4, 6_4, 7_2, 7_6, 8_2, 8_3, 8_3, 8_4, 8_4, 8_5, 8_6, 8_7, 8_9, 9_2, 9_2, 9_3, 9_3, 9_3, 9_4, 9_5, 9_5, 9_5, 10_1, 10_4, 10_5, 10_5, 10_5, 10_6, 10_6, 11_1, 11_1, 11_1, 11_1, 11_2, 11_2, 11_3, 11_3, 11_5, 11_7, 11_8, 11_9, 11_9, 11_9, 11_9, 11_9, 11_12, 11_12, 11_12, 11_12, 12_1, 12_1, 12_2, 12_3, 12_4, 12_5, 12_5, 13_1, 13_3, 13_3, 14_1, 14_2, 14_6, 14_6, 14_10, 15_1, 15_2, 15_3, 15_6, 15_6, 16_1, 16_3, 17_1, 17_1, 17_4, 17_4, 17_4, 17_5, 17_7, 17_8, 17_8, 17_10, 17_11"
11221,NONDVM,2_12
11227,NONNVMQVAM,"15_1, 17_8"
309,NOS,"1_16, 2_15, 3_7, 3_7, 4_4, 4_4, 5_4, 6_1, 6_2, 7_1, 8_1, 8_9, 9_1, 9_2, 9_2, 10_2, 10_6, 11_3, 11_4, 13_1, 14_1, 14_1, 14_1, 15_2, 17_1, 17_3, 17_3, 17_8"
310,NOSTER,"1_16, 2_12, 2_15, 6_3, 7_1, 7_1, 7_1, 8_1, 9_2, 10_5, 12_1, 14_3, 14_4, 14_9, 17_7"
11238,NOTA,11_9
311,NOTVS/2,"1_7, 14_6"
312,NOVITAS,2_15
11268,NOVO,2_6
313,NOVVS,"2_6, 6_4, 9_2, 11_6, 11_10, 17_7, 17_7"
314,NOX,"3_6, 11_7, 15_1, 17_6, 17_7"
11280,NVBO,12_4
315,NVDVS,8_5
316,NVLLVS,"1_7, 3_8, 3_8, 4_8, 7_6, 10_2, 13_1, 17_7, 17_7, 17_10"
11299,NVMERO/1,"7_2, 11_1, 11_4, 14_7"
11301,NVMERVS,"3_5, 5_5, 8_6, 17_4"
319,NVMQVAM,"3_6, 4_4, 4_6, 4_8, 8_3, 11_8, 17_5"
11311,NVMQVID,"1_9, 5_1, 11_10, 11_11"
320,NVNC,"2_13, 7_6, 9_7, 14_9, 17_4"
11319,NVNTIO,14_3
11331,NVSQVAM,"2_10, 14_1"
11335,NVTRIO,3_1
11339,NVTVS,4_6
321,O,14_3
11351,OB,17_8
28531,OBHAEREO,8_3
11369,OBICIO,"8_9, 17_9, 17_9"
11370,OBIRASCOR,2_11
11379,OBLECTAMENTVM,10_1
11380,OBLECTATIO,2_9
11381,OBLECTO,7_3
11394,OBLIVISCOR,1_14
11401,OBNOXIVS,1_2
11405,OBORIOR,15_1
11409,OBRVO,5_4
11416,OBSCVRVS,"1_1, 3_6"
11422,OBSEQVOR,2_8
11426,OBSERVATIO,17_1
11427,OBSERVO,14_9
25240,OBSTINATIO,4_6
11447,OBSTO,"2_2, 3_2, 13_2, 14_4"
11453,OBSTRVO,4_4
11460,OBTENDO,17_2
11487,OBVIAM,11_1
11490,OBVIVS,12_4
324,OCCASIO,"1_1, 5_3"
11497,OCCIDO/2,"5_1, 5_3, 14_5"
11510,OCCVPATIO,"2_9, 2_11, 6_4"
11513,OCCVPO/2,"1_13, 15_1"
11514,OCCVRRO,"1_11, 14_5, 15_1"
327,OCVLVS,"1_7, 1_9, 1_16, 2_13, 9_2, 11_1, 15_6, 17_2"
11542,ODI,1_2
11546,ODIVM,"2_6, 2_9, 15_1, 17_3"
328,ODOR,4_7
11586,OFFENSA,2_1
11590,OFFERO,"5_1, 12_2"
11592,OFFICIO,1_15
11596,OFFICIVM,"3_1, 3_1, 3_5, 4_2, 4_3, 6_2, 7_1, 7_2, 13_1"
331,OMNIS,"1_3, 1_8, 1_10, 1_10, 1_11, 1_15, 2_1, 2_6, 2_7, 2_9, 2_10, 2_11, 2_15, 3_6, 3_7, 3_7, 4_8, 6_2, 6_2, 7_3, 7_6, 7_6, 8_1, 8_5, 8_5, 10_3, 10_4, 10_5, 11_2, 11_4, 11_6, 11_8, 11_10, 12_5, 12_6, 13_3, 14_2, 14_3, 14_10, 15_2, 15_2, 15_2, 15_4, 15_6, 16_3, 16_4, 17_2, 17_2, 17_6, 17_6, 17_8"
11656,ONERO,9_4
11659,ONVS,"6_3, 10_1, 10_6"
11667,OPERA,"1_12, 4_6, 7_4, 17_7"
11672,OPERIO,1_16
11675,OPEROSVS,2_9
11688,OPINIO,"13_3, 15_6"
11689,OPINOR,5_5
11693,OPORTET,"15_6, 17_11"
11706,OPPONO,"9_3, 11_5"
11710,OPPRIMO,"4_6, 6_3"
11714,OPS,"5_2, 9_1, 10_3"
332,OPTO,"3_6, 11_12"
11725,OPVLENTIA,9_5
11726,OPVLENTVS,2_13
333,OPVS/1,"3_1, 6_3, 9_5, 9_7"
11729,OPVS/2,"1_13, 1_13, 2_2, 7_5"
11734,ORATIO,"1_13, 1_14, 9_7"
11736,ORATOR,"4_3, 17_7"
11740,ORBIS,4_4
11781,ORIOR,"2_7, 11_10, 12_6"
11783,ORNAMENTVM,"9_2, 9_5, 9_7"
334,OS/1,"1_14, 17_11"
11811,OSCITO,9_6
28532,OSCITOR,2_6
11827,OSTENDO,"1_4, 14_5, 15_6, 17_1"
11829,OSTENTATIO,17_1
11856,OTIOSVS,"3_5, 4_7, 7_2"
11857,OTIVM,"1_11, 2_9, 2_10, 2_10, 3_3, 4_8, 5_5, 17_7, 17_8"
27873,PAEDAGOGIVM,1_8
11907,PAENITENTIA,"2_8, 5_2"
11926,PALAM/1,16_1
11931,PALATIVM,11_10
11996,PANDO/2,9_3
12001,PANIS,11_10
337,PAR/2,"7_2, 8_2, 8_3"
12032,PARABILIS,1_6
12043,PARATVS/1,15_3
12042,PARATVS/2,"1_1, 1_10, 11_9, 17_1"
12046,PARCVS,"3_8, 4_2"
12053,PARIES,"1_11, 2_9, 9_7"
339,PARITER,"10_5, 15_1"
12065,PARO/2,"1_3, 1_6, 3_1, 9_2, 9_3, 9_5, 11_3"
12078,PARS,"1_4, 2_5, 3_1, 4_4, 4_5, 4_6, 7_1, 8_1, 11_7, 12_2, 16_1"
12079,PARSIMONIA,"1_5, 9_1"
12099,PARVM/1,2_9
340,PARVM/2,"1_11, 2_1, 2_1, 2_6, 2_7, 2_8, 3_2, 3_5, 4_7, 5_5, 6_2, 7_2, 7_3, 7_4, 7_4, 7_6, 8_3, 8_5, 8_9, 9_3, 10_4"
12102,PARVVM,9_2
12103,PARVVS/2,"1_13, 1_13, 2_5, 8_2, 8_2, 8_2"
12114,PASSIM,2_2
12132,PATEO,"4_4, 9_1, 10_4, 17_2"
12134,PATER,"1_7, 5_2"
12140,PATIENS,2_15
12142,PATIENTIA,"2_10, 3_4, 8_1, 11_9"
341,PATIOR,"2_9, 2_12, 10_1, 10_5, 14_1, 16_1"
12146,PATRIA,4_4
12147,PATRICIVS/2,11_9
12148,PATRIMONIVM,"1_6, 1_8, 6_2, 8_1, 8_9"
12163,PAVCI,"9_3, 9_4"
12165,PAVLATIM,"1_3, 1_15"
12169,PAVLISPER,17_9
12174,PAVLVM/2,"1_9, 17_5"
342,PAVPER,"8_3, 8_5"
12182,PAVPERTAS,"8_2, 8_4, 8_9, 8_9, 9_1, 9_2, 9_3"
12197,PAX,"1_1, 3_3"
343,PECTVS,7_3
12211,PECVNIA,"3_3, 8_1, 8_3, 8_9"
12213,PECVS/1,1_11
28366,PEDETENTIM,11_1
12263,PELLO,17_10
12264,PELLVCEO,1_8
12281,PENDEO,"1_15, 2_7, 10_6, 15_6"
12296,PENITVS/2,15_6
344,PER,"1_1, 1_4, 1_7, 1_8, 9_4, 10_6, 12_3, 12_4, 12_6, 15_1, 17_2, 17_6, 17_11"
12368,PERCVNCTOR,14_10
25297,PERCVRO,17_3
12373,PERCVTIO,1_11
12379,PERDO,8_2
12389,PEREGRINATIO,2_13
27568,PEREGRINVS/1,3_4
345,PEREO/1,"1_8, 1_16, 8_4, 11_10, 14_7, 16_2, 16_2"
12397,PERERRO/2,"2_13, 12_2"
12420,PERFVGIO,2_9
12442,PERICVLOSVS,"1_17, 3_5, 4_3, 5_2, 5_5, 6_2"
12443,PERICVLVM,"5_4, 7_4, 11_7, 11_9, 11_9, 17_2, 17_2"
12465,PERLEGO/2,9_4
12478,PERMITTO,"1_13, 5_4, 10_5"
12512,PERPETVVS,17_2
28374,PERSALVTO,12_6
12537,PERSEQVOR,"1_15, 2_13, 4_2"
12549,PERSOLVO,16_1
12550,PERSONA,17_1
12559,PERSTRINGO,2_1
12573,PERTIMESCO,14_1
12574,PERTINACIA,14_1
12576,PERTINEO,"11_1, 14_3"
12586,PERTVRBO,7_6
12594,PERVENIO,"1_16, 1_16, 2_4, 7_1, 13_3"
12598,PERVIDEO,1_15
12608,PES,10_4
12613,PESTILENTIA,7_4
12629,PETO,"2_13, 2_13, 4_3, 5_5, 8_8, 9_2, 11_8"
12640,PETVLANTIA,5_3
12655,PHALARIS/N,14_4
25323,PHILOSOPHOR,"14_3, 14_10"
12712,PHILOSOPHVS/1,"14_3, 14_9"
12781,PICTVS,9_6
12786,PIETAS,3_4
351,PIGER,2_6
12788,PIGET,2_11
12805,PILVS/1,8_3
12886,PLACEO,"1_3, 1_5, 1_6, 1_7, 1_8, 1_10, 1_10, 1_11, 2_6, 7_6, 9_1, 9_1, 9_6, 11_3, 14_3, 16_2"
12888,PLACIDE,15_5
12889,PLACIDVS,2_4
24286,PLAGIARIVS,8_4
12899,PLANE,9_7
12905,PLANVM,10_6
12913,PLATO/N,"7_5, 17_10"
12917,PLAVSVS,2_13
12933,PLERVSQVE,"7_5, 9_5, 12_3, 15_6"
12982,POENA,2_11
12987,POETA,17_10
12988,POETICVS,17_10
13011,POLLIO/N,17_7
27126,POMERIDIANVS,17_7
13043,POMPA,9_2
28533,POMPEIANVS/N,8_6
13049,POMPEIVS/N,"8_6, 11_10, 16_1"
13061,PONDVS,"1_5, 17_6"
355,PONO,"1_1, 1_2, 1_7, 1_16, 3_1, 3_7, 4_5, 10_5, 10_6, 14_10, 17_7, 17_11"
13078,POPINA,7_2
13095,POPVLVS/1,"1_8, 4_4, 5_1, 9_3, 11_11, 11_12"
13107,PORRIGO/2,2_1
13111,PORTA,3_5
13118,PORTIO,14_10
13123,PORTVS,"2_13, 5_5"
13125,POSCO,"1_11, 15_6"
21879,POSITVS,2_12
13127,POSSESSIO,11_1
13130,POSSIDEO,"11_3, 11_10"
13132,POSSVM/1,"1_4, 1_16, 2_4, 2_8, 2_9, 2_10, 3_8, 4_2, 5_1, 5_1, 5_1, 6_2, 6_2, 6_2, 6_4, 7_3, 7_5, 8_3, 8_4, 8_4, 8_5, 8_7, 8_7, 8_9, 9_1, 9_3, 9_3, 9_3, 10_1, 10_4, 10_5, 10_5, 10_6, 10_6, 11_6, 11_8, 11_8, 11_10, 11_11, 11_12, 12_1, 13_3, 14_1, 14_2, 14_6, 15_3, 16_3, 17_10, 17_11, 17_12"
356,POST/2,"4_4, 11_9, 12_1, 14_6, 14_7, 17_7, 17_7"
13139,POSTERVS,"1_13, 12_4"
13149,POSTQVAM,14_4
357,POTESTAS,"6_2, 7_5, 13_2, 14_3"
13167,POTIO/1,"9_2, 17_8"
13176,POTIVS,"9_2, 10_1, 15_2"
13182,PRAE/1,11_4
358,PRAEBEO,"2_9, 11_5, 16_1"
13194,PRAECEDO/1,11_7
13199,PRAECEPTOR,"1_10, 3_3"
13200,PRAECEPTVM,9_3
13203,PRAECIDO/2,"4_2, 4_5"
13205,PRAECIPIO,7_4
13207,PRAECIPITO,12_4
13209,PRAECIPVE,7_6
13213,PRAECLVDO,4_4
13216,PRAECONIVM,1_13
13230,PRAEDIVM,8_5
13260,PRAEGRAVO,8_1
359,PRAEMIVM,"2_7, 16_1"
13291,PRAEPARO/2,"7_3, 10_6, 11_6"
13309,PRAERVPTA,10_5
13323,PRAESENTIA/2,2_13
13327,PRAESERTIM,9_1
13331,PRAESIDIVM,10_6
13340,PRAESTO/1,"3_4, 11_6"
13342,PRAESTRINGO,1_8
13345,PRAESVM/1,3_5
13354,PRAETER/2,"3_8, 11_7"
13356,PRAETEREA,"6_4, 10_5"
13367,PRAETEXTA,11_9
13371,PRAETOR,"3_4, 13_2"
13380,PRAEVALEO,4_2
363,PRAVVS,"1_4, 2_7"
13400,PRECARIVS,"4_7, 11_1"
13399,PREHENDO,1_1
13406,PREHENSO,3_3
13405,PREMO,"1_14, 6_2, 10_3, 10_4"
364,PRETIOSVS,"1_6, 1_8, 8_5"
13411,PRETIVM,11_4
13439,PRIMVM,"6_1, 10_1, 11_4"
13440,PRIMVS,"4_5, 4_6, 10_2"
13442,PRINCEPS/1,14_4
13446,PRINCIPIVM,1_3
13447,PRIOR,"11_3, 11_12"
13455,PRIVATIM,"13_1, 13_1"
28534,PRIVATO,4_3
13456,PRIVATVS,"1_11, 3_1, 3_2, 3_3, 10_1, 15_1"
13453,PRIVS,9_1
368,PRO/1,"3_1, 7_2, 7_2, 7_4, 11_3, 11_6, 11_12"
13486,PROBO,3_8
13493,PROCEDO/1,"6_4, 15_2"
13494,PROCELLA,9_3
13499,PROCESSVS,2_11
370,PROCVL,"8_9, 14_9"
28535,PROCVLCATIO,11_9
13535,PRODIGVS,3_8
13539,PRODVCO,10_6
13542,PROELIVM,4_5
13552,PROFERO,"1_5, 5_3"
13553,PROFESSIO,2_5
13556,PROFICIO,"3_1, 4_7, 4_7"
13559,PROFITEOR,4_4
13579,PROHIBEO,"4_4, 4_8"
13584,PROLABOR/2,6_2
13473,PROMINEO,2_7
13605,PROMITTO,"13_2, 13_3, 14_9"
13610,PROMPTVS/2,1_10
13620,PRONVNTIO,3_4
13621,PRONVS,"2_11, 2_12"
13628,PROPE/2,"2_1, 7_3, 10_5, 12_1, 17_2"
13646,PROPINQVVS,1_10
13649,PROPITIVS,2_4
375,PROPONO,"2_6, 3_1, 6_4, 10_1, 14_9, 15_4"
13654,PROPOSITVM,"2_15, 12_3, 13_3"
13657,PROPRIETAS,2_7
376,PROPRIVS,2_12
13659,PROPTER/2,15_4
13671,PRORITO,12_5
13679,PROSEQVOR,"12_4, 14_9"
13681,PROSILIO,1_12
13684,PROSPER,2_7
13686,PROSPICIO,11_6
13693,PROSVM/1,"1_12, 1_12, 2_14, 3_3, 3_3, 4_6, 15_1, 15_1"
13711,PROTRAHO,2_5
13716,PROVEHO,2_10
13718,PROVENTVS,7_5
28536,PRYTANIS,4_5
13762,PTOLEMAEVS/N,11_12
13770,PVBLICVM,"3_2, 15_2"
13771,PVBLICVS/2,"1_11, 2_4, 3_3, 10_1, 11_10, 12_7, 13_1, 13_1, 15_5, 17_4, 17_7"
13772,PVBLILIVS/N,11_8
13778,PVDEO,"2_10, 8_5, 8_6, 9_2, 11_8, 12_1"
13781,PVDOR,"2_5, 12_1"
382,PVERILIS,9_5
13790,PVERVLVS,17_4
383,PVLCHER,"3_1, 9_5"
13844,PVRPVRA,1_10
13863,PVTO,"1_13, 1_16, 1_16, 1_17, 2_1, 3_1, 4_1, 4_7, 7_2, 8_2, 8_4, 8_5, 8_7, 10_1, 10_3, 11_9, 13_1, 14_3, 14_7, 15_3, 17_1"
13865,PVTRESCO,14_3
13901,QVA/1,"1_6, 1_8, 1_13, 9_2"
13907,QVADRAGINTA,9_5
388,QVAERO,"2_1, 2_4, 2_4, 3_1, 4_2, 7_4, 7_5, 12_3, 14_8"
13937,QVAESTIO,14_8
13943,QVALIS/1,"1_4, 2_12, 12_2, 12_3, 17_1, 17_7"
389,QVAM/1,"1_3, 1_4, 1_8, 1_9, 1_15, 1_16, 2_1, 2_5, 2_5, 2_6, 3_2, 3_4, 3_4, 5_1, 5_5, 5_5, 6_2, 6_2, 6_3, 6_4, 7_3, 7_3, 7_4, 7_5, 8_2, 8_3, 8_3, 8_3, 8_9, 9_2, 9_6, 10_1, 10_4, 10_6, 10_6, 11_2, 11_3, 11_7, 11_11, 11_12, 12_6, 14_6, 15_1, 15_1, 15_2, 15_2, 15_3, 15_3, 15_4, 16_2, 17_2, 17_9"
13951,QVAMDIV/1,"9_4, 9_4, 17_11"
390,QVAMVIS/1,"3_5, 3_6, 10_4"
391,QVANDO/1,15_3
13955,QVANDOQVE/1,11_2
13962,QVANTVM/3,"2_4, 2_7, 7_3, 9_5, 14_2, 15_6, 15_6"
13963,QVANTVS/1,"2_5, 4_4, 4_4, 7_3, 8_2, 8_8, 14_5, 17_2"
13968,QVARE/1,"1_2, 11_9, 12_4, 13_3"
13973,QVASI/1,"4_2, 7_2, 11_6, 12_4"
393,QVE,"1_6, 1_8, 1_9, 1_10, 1_10, 1_10, 1_11, 1_14, 1_14, 1_16, 2_1, 2_1, 2_3, 2_4, 2_4, 2_6, 2_7, 2_7, 2_8, 2_9, 2_10, 2_10, 2_11, 2_11, 2_12, 2_13, 3_1, 3_1, 3_1, 3_1, 3_2, 3_3, 3_3, 3_3, 3_4, 3_5, 3_5, 3_6, 3_7, 4_1, 4_1, 4_2, 4_4, 4_6, 4_6, 4_7, 4_7, 4_7, 5_1, 6_2, 6_4, 6_4, 7_2, 7_2, 7_4, 7_5, 8_1, 8_2, 8_3, 8_3, 8_3, 8_8, 8_8, 9_2, 9_3, 9_3, 9_3, 9_4, 9_5, 9_6, 9_6, 9_7, 10_3, 10_5, 10_6, 11_1, 11_1, 11_1, 11_2, 11_3, 11_3, 11_3, 11_3, 11_6, 11_7, 11_8, 11_11, 12_3, 12_4, 12_6, 12_7, 14_1, 14_9, 15_1, 17_5, 17_6, 17_6, 17_6, 17_8, 17_8, 17_8, 17_8, 17_8, 17_8, 17_9, 17_9, 17_9, 17_11, 17_11"
13984,QVEMADMODVM/1,"1_11, 7_4"
13992,QVERELA,7_6
394,QVEROR,"1_17, 2_10, 2_11, 10_4, 11_2"
13995,QVERVLVS,1_2
395,QVI/1,"1_1, 1_1, 1_1, 1_2, 1_3, 1_3, 1_3, 1_3, 1_3, 1_6, 1_7, 1_10, 1_11, 1_15, 1_15, 1_16, 1_17, 1_17, 1_17, 2_1, 2_2, 2_2, 2_3, 2_3, 2_3, 2_3, 2_5, 2_5, 2_6, 2_6, 2_6, 2_6, 2_6, 2_6, 2_6, 2_6, 2_7, 2_9, 2_9, 2_9, 2_10, 2_10, 2_11, 2_12, 2_12, 2_12, 2_13, 2_15, 3_1, 3_1, 3_2, 3_2, 3_2, 3_3, 3_3, 3_3, 3_3, 3_4, 3_4, 3_5, 3_5, 3_5, 3_5, 3_7, 3_8, 3_8, 4_1, 4_2, 4_5, 4_5, 4_7, 5_1, 5_1, 5_1, 5_3, 5_4, 6_1, 6_1, 6_1, 6_2, 6_3, 6_3, 6_3, 6_4, 6_4, 6_4, 7_1, 7_2, 7_2, 7_2, 7_3, 7_3, 7_3, 7_3, 7_4, 7_5, 7_5, 7_5, 7_5, 7_6, 8_1, 8_1, 8_3, 8_3, 8_4, 8_4, 8_4, 8_5, 8_6, 8_6, 8_8, 8_8, 8_9, 8_9, 8_9, 9_1, 9_3, 9_4, 9_4, 9_5, 9_6, 9_6, 10_1, 10_2, 10_2, 10_3, 10_4, 10_5, 10_5, 10_6, 10_6, 10_6, 10_6, 11_3, 11_3, 11_3, 11_5, 11_5, 11_6, 11_6, 11_6, 11_6, 11_7, 11_7, 11_7, 11_8, 11_8, 11_9, 11_9, 11_9, 11_10, 11_11, 11_11, 11_11, 11_12, 11_12, 11_12, 12_1, 12_3, 12_3, 12_3, 12_3, 12_5, 12_6, 12_6, 12_7, 13_1, 13_2, 13_2, 13_3, 14_1, 14_1, 14_3, 14_4, 14_5, 14_5, 14_5, 14_9, 14_10, 14_10, 15_1, 15_2, 15_3, 15_3, 15_3, 15_3, 15_3, 15_4, 15_4, 16_1, 16_2, 16_2, 16_3, 17_1, 17_2, 17_6, 17_7, 17_8, 17_12, 17_12, 17_12"
13998,QVIA,"2_8, 2_10, 3_2, 6_2, 7_4, 11_1, 11_2, 11_3, 11_5, 15_5, 17_8"
14000,QVICVMQVE/1,4_7
396,QVIDAM,"1_1, 1_1, 1_1, 1_3, 1_16, 1_16, 2_1, 2_2, 2_11, 2_12, 2_12, 2_15, 3_1, 4_6, 4_7, 6_2, 6_2, 6_2, 6_2, 6_4, 7_1, 10_3, 10_3, 10_3, 10_3, 10_3, 10_3, 12_4, 12_4, 17_5, 17_6, 17_7, 17_7, 17_7, 17_8"
14007,QVIDEM,"3_2, 5_1, 7_2, 9_5, 10_6, 10_6, 11_3, 12_5, 14_3, 14_4, 15_3, 17_7"
14006,QVIDNI,9_3
14008,QVIES,"2_6, 6_2, 14_1"
14009,QVIESCO,4_7
14012,QVILIBET,"6_2, 10_1"
14013,QVIN/1,1_15
398,QVIS/1,"1_4, 1_8, 1_8, 1_13, 1_16, 1_16, 2_1, 2_14, 3_1, 3_4, 3_4, 3_4, 3_4, 3_4, 3_4, 4_5, 4_7, 9_6, 10_2, 10_3, 11_4, 11_9, 11_9, 11_9, 12_2, 14_5, 14_6, 14_6, 14_8, 14_9, 14_9, 14_9, 16_1, 16_2, 16_2"
399,QVIS/2,"1_17, 4_6, 8_4, 8_4, 8_5, 11_3, 11_6, 11_8, 12_3, 13_2, 13_2, 13_2, 14_9, 17_7"
14053,QVISQVAM,"1_17, 11_8, 17_11"
14054,QVISQVE/2,"2_5, 2_11, 2_14, 3_6, 5_1, 7_3, 15_4, 16_1, 16_2"
400,QVISQVIS/2,"1_3, 1_17, 2_11, 3_6, 8_5, 9_7, 10_4, 11_1, 11_4, 11_6, 11_10, 11_11, 11_12, 11_12, 14_5, 17_2, 17_3, 17_9"
14057,QVIVIS,11_8
14059,QVO/1,8_2
14060,QVO/2,"4_2, 7_2, 9_4, 11_5, 12_2, 17_11"
14067,QVOD/1,"2_15, 8_5, 10_6, 14_4, 15_3, 16_4, 16_4, 16_4"
14075,QVOMODO/1,"2_4, 2_4, 2_6, 2_6, 16_2, 16_4"
14079,QVONIAM,"8_9, 9_5, 10_5"
401,QVOQVE,"1_11, 2_12, 4_5, 9_4, 9_7, 11_1, 11_6, 11_10, 14_7, 15_3, 15_6, 17_7"
14083,QVOT/1,5_1
14085,QVOTIENS/2,"4_8, 11_8, 15_2, 15_6, 17_1"
14091,QVOVSQVE,2_15
14130,RAPAX,8_8
14136,RAPIO,17_11
14138,RAPTIM,14_10
14146,RARO,13_2
14147,RARVS,15_1
14152,RATIO,"3_8, 9_4, 10_4"
404,RECEDO/1,"1_9, 3_2, 14_2, 17_3"
14195,RECESSVS/1,1_1
14197,RECIDO/1,15_4
14202,RECIPIO,"5_1, 11_3, 11_5, 17_5"
14231,RECTOR,17_11
14233,RECTVM,"1_4, 3_2"
14234,RECTVS,2_2
14249,REDDO,"1_11, 3_8, 11_1, 11_2, 11_3"
405,REDEO/1,"1_1, 1_6, 12_4, 17_7"
406,REDVCO,8_7
25432,REFECTIO,17_6
14271,REFERO,"4_1, 8_6, 12_5, 13_1"
14272,REFERT,10_3
14169,REFORMO,2_6
14293,REFVGIO,"4_1, 6_4, 11_3"
14310,REGIO,"2_13, 4_4, 17_8"
14311,REGIVS,9_5
14314,REGNO,5_3
14315,REGNVM,"8_4, 11_9, 11_12"
14318,REGRESSVS,6_4
14321,REGVLVS/N,16_4
14327,RELATIO,17_7
14333,RELEVO/1,2_13
14336,RELIGIOSVS,"5_1, 11_2"
14339,RELINQVO,"2_6, 2_9, 2_15, 4_4, 6_4, 10_5, 11_8, 14_10, 15_3"
14340,RELIQVIAE,"2_1, 3_8"
14344,RELVCTOR,7_2
14349,REMEDIVM,"1_17, 2_4, 2_12, 5_1, 9_1, 9_2, 9_3, 17_3"
14359,REMISSIO,"10_1, 17_5"
14361,REMITTO,"17_5, 17_6"
409,REMOVEO,"9_2, 17_9"
14386,RENOVO,17_3
14389,RENVNTIO,3_7
14392,REOR,7_2
14405,REPENTINVS,11_6
14412,REPO,12_3
14415,REPOSCO,11_1
14433,REQVIESCO,"2_1, 17_5"
14434,REQVIRO,2_13
410,RES,"1_3, 1_11, 1_12, 1_13, 1_13, 1_14, 1_15, 2_3, 2_15, 3_1, 3_1, 3_7, 3_8, 4_8, 5_5, 6_2, 6_3, 7_2, 9_2, 9_3, 9_3, 10_2, 10_6, 11_3, 11_4, 11_12, 11_12, 12_5, 12_5, 12_7, 14_1, 15_6, 17_2, 17_7, 17_12"
14442,RESALVTO,12_4
14450,RESERVO,11_5
14452,RESIDEO,2_10
14458,RESISTO,"13_3, 17_12"
14459,RESOLVO,17_5
14464,RESPECTO,16_3
14467,RESPICIO,"4_4, 8_3, 8_5, 12_5"
14471,RESPONDEO,"7_2, 12_2, 13_2, 14_5"
14441,RESPVBLICA,"1_10, 1_10, 3_1, 3_3, 4_5, 4_6, 5_2, 5_3, 5_4, 5_5, 16_1"
14478,RESTITVO,"11_3, 17_12"
14492,RETEGO,1_1
412,RETINEO,17_4
14507,RETRAHO,"2_11, 3_3"
14518,REVELLO,8_3
14525,REVERTOR,11_4
28537,REVILESCO,17_2
14532,REVOCO,"3_6, 14_2"
14534,REVOLVO,2_15
14516,REVS,3_3
413,REX,"9_5, 11_12, 11_12"
414,RIDEO,"15_2, 15_3"
14571,RIDICVLVS/2,15_2
415,RISVS,"15_3, 15_5"
14598,ROBVR,"1_3, 3_1, 8_9, 11_6"
14605,ROGO,1_17
417,ROGVS,11_12
14610,ROMANVS/A,11_12
14628,ROSTRVM,4_4
422,RVDIS/2,1_7
424,RVINA,"11_6, 11_9"
14670,RVMPO,10_1
14671,RVO,"3_3, 11_7"
14677,RVRSVS,"1_2, 1_14, 10_6"
14678,RVS,8_5
14690,RVSTICVS/2,1_7
14698,RVTILIVS/N,16_1
14728,SACER,"9_7, 17_11"
14732,SACERDOTIVM,10_3
14747,SACRVM,14_9
14751,SAECVLVM,"1_13, 2_11, 7_4, 7_5, 14_4"
14753,SAEPE,"2_15, 3_8, 10_4, 11_4, 11_7, 12_4, 12_4, 13_2, 14_1, 17_9"
426,SAEVITIA,5_1
14782,SAL,6_2
14818,SALTVS/2,2_13
14820,SALVBER,17_9
14824,SALVTARIS,4_7
14828,SALVTO,12_4
14834,SALVVS,"4_1, 4_1"
14853,SANCTVS,"4_1, 11_2, 15_4"
14862,SANGVIS,"2_13, 14_3"
14864,SANITAS,2_1
14865,SANO,"9_3, 17_3"
14869,SANVS,"2_1, 2_1, 7_4, 11_1"
429,SAPIENS/2,"5_3, 7_4, 11_1, 13_3"
14873,SAPIENTIA,1_16
14904,SATELLES,5_1
14911,SATIS/2,"2_13, 5_1, 9_1, 9_4, 9_5, 15_5, 17_2, 17_12"
14946,SCABIES,2_11
430,SCELVS,"7_5, 15_1"
14950,SCENA,1_8
15001,SCIENTIA,12_7
15002,SCILICET,"1_10, 2_9, 7_3, 13_1"
15009,SCIO,"1_17, 2_15, 5_3, 8_3, 10_2, 10_5, 11_2, 11_4, 11_6, 11_7, 11_10, 12_2, 14_8, 15_4, 17_12"
15011,SCIPIO/N,17_4
15018,SCITE,10_4
431,SCRIBO,1_13
15058,SCRVTOR,14_8
15102,SECRETVM,7_3
15103,SECRETVS,"2_9, 7_2, 12_7"
15115,SECVNDVS/1,"1_12, 2_4, 10_6"
15118,SECVRITAS,8_4
15119,SECVRVS,"1_1, 10_6, 11_6, 17_1"
434,SED,"1_1, 1_3, 1_5, 1_6, 1_7, 1_9, 1_10, 1_12, 1_17, 2_1, 2_2, 2_4, 2_6, 2_6, 2_6, 2_7, 2_7, 2_14, 2_15, 3_2, 3_2, 3_3, 3_5, 3_6, 4_1, 4_2, 4_4, 4_5, 5_1, 5_5, 5_5, 8_9, 9_2, 9_3, 9_5, 9_5, 9_5, 10_1, 10_3, 10_5, 10_5, 10_6, 10_6, 10_6, 11_1, 11_2, 11_2, 11_3, 11_5, 11_9, 11_12, 12_2, 12_3, 12_5, 13_1, 13_3, 13_3, 14_10, 15_1, 15_2, 15_5, 16_3, 17_2, 17_4, 17_4, 17_7, 17_8, 17_8, 17_9, 17_9"
436,SEDES,2_3
28427,SEDVCTVS,3_2
15147,SEIANVS/N,11_11
437,SEMEL,1_4
438,SEMPER,"1_15, 1_15, 2_4, 2_6, 2_7, 2_13, 2_14, 3_2, 6_3, 10_6, 11_7, 12_2, 13_2, 17_1"
15212,SENATVS,"5_1, 5_1, 11_11, 17_7"
15213,SENECA/N,1_1
15217,SENECTVS/1,2_6
15222,SENEX/1,3_8
15232,SENSIM,4_1
15233,SENSVS,8_3
15234,SENTENTIA,7_3
15237,SENTIO,"11_3, 14_2, 14_5, 14_9"
15270,SEPVLTVRA,14_3
440,SEQVOR,"1_10, 1_10, 1_13, 1_15, 2_14, 3_7, 7_4, 10_5, 11_9, 12_1, 13_1, 16_1"
15283,SERENVS/N,"2_1, 2_1, 4_1, 17_12"
15297,SERMO,"7_3, 11_1, 11_7"
15299,SERO/4,"11_9, 12_1"
15304,SERPO,7_3
15320,SERVIO,9_3
15321,SERVITIVM,"10_4, 17_8"
15324,SERVO,"1_5, 3_5, 5_4, 11_3, 17_12"
15313,SERVS,5_2
15326,SERVVS/1,"1_8, 8_6, 8_7, 8_7, 9_3"
15347,SEVERVS,"15_3, 15_4"
447,SI/2,"1_17, 2_14, 3_3, 3_5, 3_6, 3_7, 4_2, 4_5, 4_6, 4_6, 5_5, 7_5, 7_5, 8_1, 8_2, 8_4, 8_5, 9_1, 9_3, 9_7, 10_1, 10_2, 11_3, 11_3, 11_4, 11_4, 11_8, 11_12, 12_1, 12_2, 13_1, 13_2, 13_2, 13_2, 14_3, 14_9, 16_2, 16_2, 16_2, 17_1, 17_2, 17_6"
448,SIC,"3_2, 3_8, 10_6, 11_8"
15380,SICCVS,15_6
449,SICVT/1,"2_1, 7_5, 9_5, 9_5, 15_5"
15415,SIGNO,"2_3, 11_3"
15416,SIGNVM,"3_6, 4_1"
15425,SILENTIVM,"4_3, 4_6"
452,SIMILIS,"1_15, 2_1, 5_1, 8_5, 12_2, 12_3, 15_4"
15454,SIMILITVDO,1_17
15461,SIMPLEX,"1_13, 15_6, 17_1, 17_2"
453,SIMPLICITAS,"3_2, 15_1, 17_2, 17_2"
15462,SIMVL/1,"2_5, 3_1, 11_6, 16_1"
15465,SIMVLATIO,"2_5, 15_6, 17_2"
15476,SINCERVS,17_2
454,SINE,"1_7, 2_7, 2_10, 8_3, 8_7, 8_7, 9_1, 9_3, 11_1, 12_1, 12_3, 12_5, 14_6, 17_10"
15482,SINGVLVS,"1_15, 3_3, 15_4"
15487,SINISTRA/1,10_3
25534,SIPARIVM,11_8
15508,SISTO,1_17
15516,SITIS,"9_2, 11_10"
15519,SITVS/1,"1_9, 2_8"
15520,SIVE/1,"4_7, 4_7, 4_7, 4_7, 17_10, 17_10, 17_10"
25538,SOBRIETAS,17_9
15532,SOCRATES/N,"5_2, 16_1, 17_4"
15533,SOCRATICVS/A,7_5
15538,SODALIS/1,"11_7, 14_7"
457,SOL,3_1
15544,SOLACIVM,"2_9, 10_4"
458,SOLEO,"11_2, 16_1, 17_1, 17_4"
15555,SOLITVDO,"2_9, 3_7, 17_3, 17_3, 17_3"
15556,SOLITVM,17_11
15557,SOLITVS,17_11
459,SOLIVM,11_9
460,SOLLEMNIS,13_1
15564,SOLLICITVDO,"7_3, 14_6, 16_1, 17_1"
15565,SOLLICITVS,"1_5, 1_15"
15566,SOLON/N,17_9
15577,SOLVO,"10_1, 17_1, 17_6"
15573,SOLVS,"3_3, 3_5"
15581,SOMNVS,"2_6, 17_6"
15586,SONO/1,11_7
15608,SORDES,11_9
15611,SORDIDVS,10_3
462,SORS,"4_5, 10_6"
15637,SPATIOR,4_7
15639,SPATIVM,9_3
463,SPECIES,"1_3, 9_7, 12_5"
15642,SPECIOSVS,2_5
15644,SPECTACVLVM,"2_14, 2_14, 4_3, 9_5"
15645,SPECTATOR,"7_2, 15_6"
15648,SPECTO,"1_6, 1_11, 11_6, 11_8, 11_12, 17_4"
15663,SPERO,"6_4, 15_1, 16_1"
15664,SPES,"2_7, 2_10, 5_1, 9_2, 10_5, 10_6, 12_5, 14_4, 15_3"
15684,SPIRITVS,"11_4, 17_8"
464,SPIRO,1_14
465,SPLENDEO,"1_5, 15_1"
466,SPLENDOR,1_9
27361,SPONSALIA,12_4
15728,SQVALOR,2_13
15738,STABILIS,2_3
15751,STATIM,"4_2, 11_6"
15752,STATIO,3_5
467,STATVS/1,"1_2, 2_4, 2_6, 8_5, 14_1, 14_9"
15793,STILLICIDIVM,11_10
15794,STILVS,1_13
15803,STIPENDIVM,3_5
471,STO,"3_5, 4_5, 4_6, 4_6, 10_5"
15827,STRANGVLO,2_10
15859,STVDEO,1_13
15861,STVDIOSVS,"4_1, 9_5, 9_5"
15862,STVDIVM,"1_13, 2_9, 3_5, 3_6, 3_7, 7_2, 9_4, 9_5, 9_5, 9_7"
472,STVLTVS,15_3
15879,SVADEO,9_2
474,SVB,"2_5, 9_2, 17_1"
475,SVBDO,1_12
15902,SVBDVCO,"3_5, 7_2, 11_5, 16_3"
15905,SVBEO/1,"1_9, 2_15, 17_2"
15914,SVBINDE,"2_6, 5_5, 17_8"
15918,SVBITVS/1,11_6
15923,SVBLEVO/1,10_6
15928,SVBLIME/2,1_14
15929,SVBLIMIS,17_11
16074,SVBMERGO,14_3
16068,SVBMITTO,4_1
16078,SVBMOVEO,"3_7, 4_6"
15942,SVBORNO,1_3
15946,SVBREPO,"2_8, 17_12"
15993,SVBVERTO,3_7
15995,SVCCEDO/1,"3_2, 12_1"
15997,SVCCESSIO,1_7
15999,SVCCESSVS,"12_1, 13_3"
16008,SVCCVRRO,1_17
28538,SVFES,4_5
16032,SVFFICIO,9_1
16033,SVFFIGO,10_6
16038,SVFFRAGIVM,1_3
16049,SVI/1,"1_11, 1_11, 1_14, 1_16, 1_16, 1_16, 1_16, 2_4, 2_4, 2_6, 2_7, 2_7, 2_7, 2_8, 2_9, 2_9, 2_9, 2_10, 2_10, 2_10, 2_11, 2_11, 2_11, 2_12, 2_12, 2_13, 2_14, 2_14, 3_1, 3_1, 3_1, 3_1, 3_2, 3_6, 3_8, 4_1, 4_2, 4_7, 5_1, 5_3, 5_4, 5_4, 5_5, 6_2, 7_2, 7_2, 7_5, 8_4, 8_5, 8_8, 9_1, 9_6, 10_4, 10_6, 10_6, 11_1, 11_1, 11_1, 11_2, 11_2, 11_4, 11_5, 11_6, 11_8, 11_8, 12_2, 12_4, 12_4, 12_6, 13_2, 13_2, 14_1, 14_2, 14_2, 14_2, 14_2, 14_2, 14_9, 15_1, 15_4, 15_6, 15_6, 16_1, 16_1, 16_3, 17_1, 17_1, 17_2, 17_3, 17_4, 17_7, 17_8, 17_10, 17_11, 17_11"
480,SVM/1,"1_1, 1_2, 1_3, 1_3, 1_4, 1_9, 1_10, 1_11, 1_11, 1_13, 1_13, 1_13, 1_13, 1_14, 1_15, 1_15, 1_16, 1_16, 1_16, 1_17, 1_17, 2_1, 2_1, 2_2, 2_3, 2_3, 2_3, 2_3, 2_4, 2_4, 2_5, 2_6, 2_6, 2_6, 2_7, 2_7, 2_7, 2_7, 2_9, 2_10, 2_11, 2_11, 2_12, 2_12, 2_12, 2_12, 2_13, 2_15, 2_15, 2_15, 3_1, 3_1, 3_1, 3_1, 3_2, 3_2, 3_2, 3_2, 3_2, 3_4, 3_4, 3_5, 3_6, 3_6, 3_8, 4_1, 4_2, 4_2, 4_3, 4_3, 4_3, 4_3, 4_4, 4_4, 4_5, 4_6, 4_7, 4_7, 4_8, 4_8, 4_8, 5_1, 5_1, 5_1, 5_1, 5_2, 5_3, 5_4, 5_4, 5_5, 5_5, 5_5, 6_2, 6_2, 6_2, 6_3, 6_3, 6_3, 6_3, 6_3, 6_4, 6_4, 6_4, 6_4, 7_1, 7_1, 7_2, 7_2, 7_2, 7_2, 7_2, 7_3, 7_3, 7_4, 7_4, 7_4, 7_5, 7_5, 7_6, 8_2, 8_2, 8_2, 8_2, 8_3, 8_3, 8_3, 8_4, 8_4, 8_4, 8_5, 8_6, 8_6, 8_7, 8_7, 8_8, 8_9, 8_9, 8_9, 8_9, 8_9, 9_1, 9_2, 9_3, 9_3, 9_3, 9_3, 9_4, 9_4, 9_5, 9_5, 9_5, 9_5, 9_6, 9_6, 9_7, 10_3, 10_3, 10_3, 10_3, 10_4, 10_4, 10_4, 10_5, 10_5, 10_5, 10_6, 10_6, 10_6, 10_6, 10_6, 11_1, 11_1, 11_1, 11_2, 11_2, 11_4, 11_4, 11_4, 11_6, 11_6, 11_6, 11_6, 11_6, 11_7, 11_7, 11_8, 11_8, 11_9, 11_9, 11_9, 11_9, 11_10, 11_10, 11_11, 11_12, 11_12, 11_12, 12_1, 12_1, 12_1, 12_1, 12_2, 12_3, 12_4, 13_1, 13_1, 13_2, 13_3, 13_3, 14_1, 14_1, 14_1, 14_2, 14_3, 14_4, 14_5, 14_5, 14_5, 14_5, 14_5, 14_6, 14_6, 14_6, 14_7, 14_8, 14_8, 14_8, 14_9, 14_9, 14_9, 14_9, 14_10, 15_1, 15_2, 15_2, 15_3, 15_4, 15_4, 15_4, 15_4, 15_5, 15_5, 16_1, 16_1, 16_1, 16_2, 16_2, 16_2, 16_2, 16_3, 16_3, 16_4, 17_1, 17_1, 17_1, 17_2, 17_2, 17_2, 17_3, 17_3, 17_3, 17_3, 17_4, 17_4, 17_5, 17_5, 17_6, 17_6, 17_7, 17_8, 17_8, 17_8, 17_9, 17_9, 17_9, 17_10, 17_10, 17_11, 17_12"
16082,SVMO,"1_5, 2_4"
16090,SVPER/2,17_10
16096,SVPERBIA,"1_12, 10_6"
16099,SVPERBVS/2,10_6
16107,SVPERFVNDO,8_9
16121,SVPERSTES,11_12
16125,SVPERSVM/1,11_11
16094,SVPERVACVVS,"3_6, 12_1, 12_1, 12_4, 13_1"
16126,SVPERVS,"1_5, 2_3, 11_8, 11_11, 12_3"
16132,SVPINVS,2_12
16141,SVPPLICIVM,14_6
482,SVPRA/2,"10_3, 14_3"
16155,SVRGO,"17_5, 17_11"
16158,SVRSVM,11_12
16164,SVSCIPIO,"2_13, 2_14"
16170,SVSPENDO,2_10
16173,SVSPICIO/1,2_1
16172,SVSPICIO/2,14_2
16187,SVVM,"2_4, 11_10, 11_10, 14_2"
484,SVVS,"1_8, 1_11, 2_1, 2_5, 2_5, 2_6, 2_7, 2_8, 2_10, 2_10, 2_11, 2_11, 3_1, 3_3, 4_1, 4_7, 5_2, 6_2, 7_5, 8_3, 8_9, 8_9, 9_6, 9_7, 10_3, 10_4, 10_6, 10_6, 10_6, 11_1, 11_2, 11_10, 11_12, 11_12, 13_3, 14_3, 14_7, 14_8, 14_9, 14_10, 15_1, 15_5, 15_6, 16_1, 16_4, 16_4, 17_2, 17_4, 17_11"
16236,TABIDVS,2_15
16238,TABVLA,"9_6, 14_7"
16245,TACEO,1_13
16249,TACITVS,"1_9, 1_13, 2_1, 4_3, 4_6"
16252,TACTVS,"2_11, 4_7"
16255,TAEDET,2_11
486,TAEDIVM,"2_6, 2_10, 3_1, 3_6, 17_3"
487,TALIS,"2_1, 4_6, 14_6, 14_8"
488,TAM,"1_3, 1_4, 1_9, 3_2, 6_4, 10_4, 11_2, 11_2, 11_11, 11_11, 11_11, 16_1"
16276,TAMDIV,9_4
489,TAMEN,"1_2, 1_9, 1_10, 1_12, 1_16, 2_1, 2_13, 3_3, 3_5, 4_5, 4_6, 4_6, 5_2, 5_3, 7_3, 7_6, 7_6, 10_6, 17_1, 17_2, 17_2, 17_3, 17_6, 17_9, 17_12"
490,TAMQVAM/1,"1_1, 1_1, 14_5, 17_7"
16275,TAMQVAM/2,11_8
16292,TANTO,"16_3, 16_3"
16295,TANTVM/2,"3_7, 8_9, 9_3, 11_1, 11_6, 11_8, 11_12, 13_1, 14_10, 15_6"
492,TANTVS,"1_11, 3_3, 5_1, 7_6, 8_7, 9_3, 11_1, 11_12, 15_3, 17_1, 17_6"
16314,TARENTVM/N,2_13
16354,TECTVM,"1_8, 9_7"
16378,TELVM,9_3
16379,TEMERARIVS,6_2
16386,TEMPERAMENTVM,17_7
493,TEMPERO,"4_3, 9_2"
16390,TEMPESTAS,"1_17, 2_1, 11_7, 14_10"
494,TEMPVS/1,"1_3, 1_11, 1_13, 3_1, 3_5, 3_7, 4_1, 5_5, 7_1, 16_4, 17_4"
16404,TENDO,"2_7, 17_6"
495,TENEBRAE,15_1
496,TENEO,"1_5, 2_5, 2_8, 4_5, 10_3, 15_3"
16412,TENER,1_3
16421,TENTO,6_3
16427,TENVS/2,9_7
28466,TERGIVERSOR,11_3
16450,TERGVM,11_9
16455,TERMINVS,"10_6, 15_1"
16459,TERRA,"1_17, 2_13, 14_3"
16488,TESTIS/1,"7_2, 14_7"
16491,TESTOR,10_6
16261,TETER,12_7
16535,THEATRVM,12_2
16551,THEODORVS/N,14_3
16560,THERMAE,9_7
498,TIMEO,"1_2, 7_3, 11_1, 11_6, 11_12, 14_6, 17_11"
16684,TIMIDVS,"2_7, 11_1, 11_4, 16_2"
16686,TIMOR,2_8
16713,TITVBO,1_9
16714,TITVLVS,"2_5, 9_6"
16716,TITVS/N,9_5
16733,TOLERABILIS,8_3
16734,TOLERO,2_15
499,TOLLO,3_7
16762,TORMENTVM,"1_5, 2_10, 8_2, 8_3"
16768,TORPEO,"2_8, 5_4"
16774,TORQVEO,"2_7, 3_2, 15_5, 16_1, 17_1, 17_2"
16788,TOT,"3_2, 5_1, 5_1, 7_4, 8_8, 9_6, 11_10, 15_1, 16_4"
16792,TOTIENS,"11_7, 11_7, 15_6, 16_3, 17_1"
501,TOTVS,"2_5, 2_7, 4_4, 4_5, 9_4, 10_5, 17_7"
16800,TRACTABILIS,5_5
16801,TRACTATIO,3_1
16806,TRADO,9_4
16809,TRAGICVS/2,11_8
16814,TRAHO,"7_4, 11_11, 14_7"
16820,TRANQVILLITAS,"1_11, 1_17, 2_3, 2_4, 7_6, 14_1, 14_10, 17_12"
16821,TRANQVILLVS,"2_1, 13_1, 14_6"
16827,TRANSCVRRO,2_2
503,TRANSEO/1,"8_1, 14_1"
16829,TRANSFERO,2_3
16842,TRANSILIO,"1_16, 7_3"
28539,TRANSLATVS,1_8
16862,TRANSVERSVS,2_2
16877,TRECENTI,5_1
16887,TREMOR,2_1
16891,TREPIDVS,11_5
16896,TRIARIVS/1,4_5
16905,TRIBVNAL,4_4
16909,TRIBVNVS,4_5
16938,TRIGINTA,"5_1, 5_2"
16958,TRIPVDIO,17_4
16965,TRISTIS,"1_9, 2_10, 2_10, 5_1, 7_6, 14_8, 15_4, 17_9"
16966,TRISTITIA,"7_3, 11_1, 12_1, 15_1, 17_8"
16979,TRIVMPHALIS/2,17_4
507,TV,"1_4, 1_4, 1_13, 1_13, 1_17, 1_17, 2_2, 2_2, 2_2, 2_4, 2_5, 2_5, 3_6, 3_6, 3_6, 4_4, 4_4, 4_4, 4_5, 4_6, 4_7, 5_5, 5_5, 7_2, 7_4, 7_5, 7_5, 8_4, 8_5, 8_5, 8_6, 8_7, 9_4, 10_1, 10_3, 11_3, 11_5, 11_5, 11_9, 11_10, 11_12, 11_12, 12_2, 12_2, 14_3, 14_3, 14_4, 14_4, 14_7, 14_7, 14_9, 14_10, 16_2, 16_3, 17_1"
17030,TVEOR,"3_3, 3_5, 8_8, 11_2, 17_12"
508,TVM,"1_14, 2_8, 14_7, 16_1, 17_11"
17049,TVMVLTVOSVS,"1_17, 11_7"
17051,TVMVLVS,14_9
17060,TVRBA,"2_13, 7_5, 9_4, 12_6, 15_1, 17_3, 17_3"
510,TVRPIS,"3_8, 8_7, 15_6, 16_2, 17_9"
17086,TVRPITVDO,15_1
17105,TVTO/2,"5_3, 7_3, 12_7, 12_7"
17109,TVTVS,"3_2, 3_4, 4_1, 10_6, 13_2"
511,TVVS,"1_13, 4_5, 7_2, 7_3, 8_7, 11_3, 14_3"
17123,TYRANNVS,"5_1, 5_1, 5_1, 5_3, 14_3"
17315,VACO,2_13
17319,VACVVS,7_3
17330,VAGOR/2,"12_3, 17_8"
512,VAGVS,"1_1, 2_13"
17339,VALEO,1_2
17348,VALETVDO,2_1
17351,VALIDVS,17_12
17361,VANITAS,"12_1, 12_5"
513,VANVS,"9_3, 10_5, 12_3"
17374,VARIETAS,"1_7, 9_3"
515,VARIVS,2_12
517,VBI/1,"1_11, 1_11, 1_12, 1_14, 2_7, 2_7, 2_9, 2_10, 3_2, 6_4, 7_3, 7_4, 9_3, 10_1, 11_1, 12_4, 13_1, 16_1, 16_1, 17_1"
17140,VBICVMQVE/2,3_3
28487,VBILIBET,1_6
17143,VBIQVE,9_6
17398,VE,1_6
17402,VECTATIO,17_8
25667,VEGETO,17_8
518,VEHEMENS,11_8
17424,VEL/1,"1_1, 2_13, 10_1, 10_1"
17444,VELLO,8_3
520,VELOX,"1_11, 14_9"
17447,VELVM,4_7
521,VELVT/1,"2_12, 8_6, 9_2, 15_1"
522,VENIO,"1_3, 1_9, 2_2, 3_5, 4_1, 11_4, 11_6, 15_6, 16_4, 17_8"
17490,VENTER,8_8
17491,VENTILO,2_12
17518,VERBVM,"1_13, 1_14, 2_3, 3_4, 6_2, 11_8"
17522,VERE,5_5
17523,VERECVNDIA,"2_10, 6_2"
17527,VEREOR,"1_3, 1_15"
17531,VERGO,1_4
17534,VERISIMILIS,14_6
17536,VERITAS,14_8
17544,VERNVLA,1_7
17546,VERO/3,"7_6, 11_3, 13_1, 16_3"
28540,VERSABILIS,11_10
28541,VERSATIO,11_12
17562,VERSO,"2_6, 2_12"
17582,VERVM/1,"1_2, 1_16, 14_10"
528,VERVS,"1_3, 1_17, 15_4"
27362,VESTIARIVM,8_8
17611,VESTIGIVM,"2_2, 3_6, 12_4"
530,VESTIO,1_8
531,VESTIS,"1_5, 8_8, 9_3"
17626,VETO,17_7
17634,VETVS,11_10
17638,VEXATIO,2_12
17640,VEXO,"1_17, 2_6"
533,VIA,"2_2, 2_2, 2_7"
17651,VICARIVS/2,8_6
17658,VICINIA,11_7
17660,VICINVS/2,"2_3, 9_1, 10_5"
17674,VICTVS,"8_8, 9_2"
534,VIDEO,"2_13, 4_1, 4_5, 4_6, 6_2, 8_3, 8_4, 8_5, 8_7, 9_7, 10_5, 11_12, 11_12, 11_12, 12_2, 14_7, 15_2, 15_2, 16_1, 16_2, 16_3"
17689,VIGILIA,"3_5, 17_7"
17697,VIGOR,17_8
17700,VILIS,"1_5, 11_2, 11_4"
17716,VINCIO,10_3
535,VINCO,14_7
536,VINCVLVM,9_2
17727,VINDICO,"5_5, 10_6"
537,VINVM,"17_4, 17_8, 17_9, 17_9"
538,VIR,"5_3, 5_4, 8_4, 11_1, 14_4, 14_6, 14_8, 14_10, 16_2, 17_4, 17_7"
17753,VIRGA,1_10
17770,VIRILIS,17_4
543,VIRTVS,"1_3, 3_3, 3_6, 4_1, 4_1, 4_4, 4_7, 5_4, 15_1, 16_1, 16_2, 17_2"
17775,VIS,"1_3, 2_3, 5_1, 6_3, 6_3, 7_2, 7_5, 10_2, 11_12, 17_5, 17_6, 17_8"
544,VITA,"1_11, 1_11, 2_6, 2_8, 2_15, 3_6, 4_8, 7_1, 9_3, 9_4, 10_1, 10_1, 10_4, 11_1, 11_4, 12_3, 15_2, 15_4, 16_3, 17_1, 17_1, 17_2"
17796,VITIOSVS,9_6
546,VITIVM,"1_1, 1_3, 2_5, 2_6, 2_7, 2_15, 4_5, 5_3, 7_3, 12_7, 14_1, 15_2, 15_5, 17_12"
17798,VITO,7_6
547,VIVO,"2_6, 3_7, 3_8, 4_3, 5_5, 8_7, 11_1, 11_4, 11_5, 11_6, 13_1, 14_6, 16_1, 17_1, 17_2"
548,VIVVS/2,"5_5, 11_6, 11_12, 16_1, 16_4"
17817,VIX,"7_5, 9_4, 15_1"
17157,VLCVS,"2_11, 2_12"
17162,VLLVS,"1_7, 1_11, 2_1, 2_15, 4_2, 5_1, 5_1, 8_8, 9_1, 9_1, 11_10, 14_6, 16_4, 17_1"
17168,VLTIMVS,"2_2, 5_5, 14_10"
17173,VLTRA/2,"17_4, 17_7"
17175,VLTRO,7_1
17201,VMQVAM,"2_4, 7_5, 9_3, 11_1, 11_6, 11_9, 15_1, 17_1"
17214,VNDE/1,"5_1, 6_4, 11_4"
550,VNDIQVE,"1_9, 5_4, 8_9"
17238,VNICVS,8_7
17243,VNIVERSVS,"2_4, 3_3, 10_3, 11_11, 15_3"
17245,VNVS,"2_7, 3_1, 3_1, 4_4, 8_4, 10_3, 14_7"
17246,VNVSQVISQVE,12_6
17830,VOCO,"2_3, 2_3, 8_4, 8_6, 14_7, 14_10"
554,VOLO/3,"1_13, 2_4, 2_6, 2_7, 3_3, 4_5, 5_2, 8_4, 10_1, 11_3, 11_3, 13_1, 13_3, 14_5"
17852,VOLVMEN,"2_3, 9_6"
556,VOLVNTAS,2_5
558,VOLVPTAS,"1_7, 2_12, 2_15, 10_1, 15_5, 17_2, 17_6"
17861,VOLVTATIO,2_10
17875,VOS,"3_1, 14_8"
17880,VOTVM,"2_7, 2_8"
17882,VOX,"1_12, 3_3, 4_5, 11_8"
17248,VRBANITAS,6_2
17249,VRBANVS,3_4
17250,VRBS,"2_13, 4_4, 5_1, 12_6"
17254,VRGEO,2_14
559,VRO,16_4
17269,VSQVE,"4_8, 12_4, 14_6, 14_10, 15_1, 17_8"
17276,VSVS,"1_7, 1_13, 9_2, 10_4, 17_6"
560,VT/4,"1_1, 1_2, 1_2, 1_10, 1_11, 1_13, 1_14, 1_17, 2_2, 2_2, 2_11, 2_12, 2_12, 2_14, 3_1, 3_1, 3_2, 3_3, 3_8, 3_8, 4_4, 4_4, 4_7, 4_8, 5_5, 5_5, 7_4, 7_4, 7_5, 8_3, 8_9, 9_2, 9_2, 9_3, 9_3, 9_7, 11_1, 11_1, 11_4, 11_10, 11_12, 13_3, 13_3, 15_1, 15_2, 15_6, 15_6, 15_6, 17_1, 17_4, 17_4, 17_5, 17_7, 17_7, 17_8, 17_8, 17_8, 17_8, 17_9"
17277,VTCVMQVE/1,"5_4, 5_4"
17281,VTERQVE,"1_4, 7_5, 8_3, 14_1"
17284,VTILIS,"1_10, 3_1, 3_1, 4_2, 4_7, 6_2, 7_2"
17285,VTILITAS,4_7
17287,VTIQVE,"2_1, 2_10, 5_4, 7_1, 13_3, 14_2"
561,VTOR,"2_12, 3_1, 3_8, 4_7, 8_8"
17295,VTRVM,7_2
17887,VVLGARIS,17_11
17891,VVLGVS,15_2
17893,VVLNERO,16_4
562,VVLNVS,"8_2, 8_9, 16_4"
17901,VVLTVS,4_6
25920,XENOPHON/N,7_5
17929,ZENO/N,"1_10, 14_3"
